사건번호,사유
005두4403,검색 정확일치 없음
10인30,검색 정확일치 없음
12인250,검색 정확일치 없음
1992다28556,오염번호(복원: 92다28556) — 코퍼스 보유
1993다4816,오염번호(복원: 93다4816) — 코퍼스 보유
2000구합26810,검색 정확일치 없음
2000구합8546,검색 정확일치 없음
2000나8009,검색 정확일치 없음
2000나800912,검색 정확일치 없음
2000누13824,검색 정확일치 없음
2000누16694,검색 정확일치 없음
2000다18127177,오염번호(복원: 2000다18127) — 코퍼스 보유
2000다18608401,오염번호(복원: 2000다18608) — 코퍼스 보유
2000다23297,검색 정확일치 없음
2000다2381532,오염번호(복원: 2000다23815) — 코퍼스 보유
2000다25910131,오염번호(복원: 2000다25910) — 코퍼스 보유
2000다27671494,오염번호(복원: 2000다27671) — 코퍼스 보유
2000다3347,검색 정확일치 없음
2000다4005,검색 정확일치 없음
2000다5070110,오염번호(복원: 2000다50701) — 코퍼스 보유
2000다507017,오염번호(복원: 2000다50701) — 코퍼스 보유
2000다51476,검색 정확일치 없음
2000다51476128,검색 정확일치 없음
2000다51476129,검색 정확일치 없음
2000다60630494,오염번호(복원: 2000다60630) — 코퍼스 보유
2000다60890426,오염번호(복원: 2000다60890) — 코퍼스 보유
2000다62322913,오염번호(복원: 2000다62322) — 코퍼스 보유
2000다65383,검색 정확일치 없음
2000다8127,검색 정확일치 없음
2000도2871731,오염번호(복원: 2000도2871) — 코퍼스 보유
2000도4169,검색 정확일치 없음
2000도4169648,검색 정확일치 없음
2000도4299600,오염번호(복원: 2000도4299) — 코퍼스 보유
2000도571660,오염번호(복원: 2000도5716) — 코퍼스 보유
2000두10151,검색 정확일치 없음
2000두10601,검색 정확일치 없음
2000두1270,검색 정확일치 없음
2000두1447,검색 정확일치 없음
2000두1454,검색 정확일치 없음
2000두3634,검색 정확일치 없음
2000두3689,검색 정확일치 없음
2000두3689362,검색 정확일치 없음
2000두4606,검색 정확일치 없음
2000두460646,검색 정확일치 없음
2000두4606467,검색 정확일치 없음
2000두4637,검색 정확일치 없음
2000두4637723,검색 정확일치 없음
2000두5708,검색 정확일치 없음
2000두6626,검색 정확일치 없음
2000두7186,검색 정확일치 없음
2000두7315,검색 정확일치 없음
2000두7988,검색 정확일치 없음
2000두8011336,오염번호(복원: 2000두8011) — 코퍼스 보유
2000두8455404,오염번호(복원: 2000두8455) — 코퍼스 보유
2000두9063,검색 정확일치 없음
2000두9113,검색 정확일치 없음
2000두9373455,오염번호(복원: 2000두9373) — 코퍼스 보유
2000두9455,검색 정확일치 없음
2000두988,검색 정확일치 없음
2000두9977,검색 정확일치 없음
2000헌마707189,오염번호(복원: 2000헌마707) — 코퍼스 보유
2001가합1173,검색 정확일치 없음
2001구합39776,검색 정확일치 없음
2001나1142,검색 정확일치 없음
2001나51710,검색 정확일치 없음
2001누12149,검색 정확일치 없음
2001누13098,검색 정확일치 없음
2001누19959,검색 정확일치 없음
2001누3091,검색 정확일치 없음
2001누4818,검색 정확일치 없음
2001누7345,검색 정확일치 없음
2001다12699,검색 정확일치 없음
2001다12699188,검색 정확일치 없음
2001다13044452,오염번호(복원: 2001다13044) — 코퍼스 보유
2001다15422655,오염번호(복원: 2001다15422) — 코퍼스 보유
2001다17596,검색 정확일치 없음
2001다18322152,오염번호(복원: 2001다18322) — 코퍼스 보유
2001다2010,검색 정확일치 없음
2001다24051496,오염번호(복원: 2001다24051) — 코퍼스 보유
2001다24655857,오염번호(복원: 2001다24655) — 코퍼스 보유
2001다25184216,오염번호(복원: 2001다25184) — 코퍼스 보유
2001다29452463,오염번호(복원: 2001다29452) — 코퍼스 보유
2001다31141,검색 정확일치 없음
2001다37941,검색 정확일치 없음
2001다42301,검색 정확일치 없음
2001다53875121,오염번호(복원: 2001다53875) — 코퍼스 보유
2001다539509,오염번호(복원: 2001다53950) — 코퍼스 보유
2001다63599142,오염번호(복원: 2001다63599) — 코퍼스 보유
2001다6800544,오염번호(복원: 2001다6800) — 코퍼스 보유
2001다68891,검색 정확일치 없음
2001다71528,검색 정확일치 없음
2001다71528355,오염번호(복원: 2001다71528) — 코퍼스 보유
2001다72173,검색 정확일치 없음
2001다76328174,오염번호(복원: 2001다76328) — 코퍼스 보유
2001다77970607,오염번호(복원: 2001다77970) — 코퍼스 보유
2001다83838240,오염번호(복원: 2001다83838) — 코퍼스 보유
2001다9380,검색 정확일치 없음
2001도53,검색 정확일치 없음
2001도53736,검색 정확일치 없음
2001두11069,검색 정확일치 없음
2001두1161,검색 정확일치 없음
2001두1178,검색 정확일치 없음
2001두2218,검색 정확일치 없음
2001두2365,검색 정확일치 없음
2001두3709,검색 정확일치 없음
2001두4825,검색 정확일치 없음
2001두536578,검색 정확일치 없음
2001두5767,검색 정확일치 없음
2001두5767814,검색 정확일치 없음
2001두649,검색 정확일치 없음
2001두6579413,오염번호(복원: 2001두6579) — 코퍼스 보유
2001두8339,검색 정확일치 없음
2001헌바5021,오염번호(복원: 2001헌바50) — 코퍼스 보유
2002가합12355,검색 정확일치 없음
2002가합12355126,검색 정확일치 없음
2002구합2338,검색 정확일치 없음
2002구합25874,검색 정확일치 없음
2002구합29050,검색 정확일치 없음
2002구합32476,검색 정확일치 없음
2002구합36034,검색 정확일치 없음
2002구합39880,검색 정확일치 없음
2002구합6231,검색 정확일치 없음
2002구합6309,검색 정확일치 없음
2002나24439,검색 정확일치 없음
2002나40400,검색 정확일치 없음
2002나58138,검색 정확일치 없음
2002누14104,검색 정확일치 없음
2002다10202,검색 정확일치 없음
2002다1448,검색 정확일치 없음
2002다16958287,오염번호(복원: 2002다16958) — 코퍼스 보유
2002다1832,검색 정확일치 없음
2002다19292,검색 정확일치 없음
2002다2034,검색 정확일치 없음
2002다23185392,오염번호(복원: 2002다23185) — 코퍼스 보유
2002다23826396,오염번호(복원: 2002다23826) — 코퍼스 보유
2002다2843165,오염번호(복원: 2002다2843) — 코퍼스 보유
2002다35379,검색 정확일치 없음
2002다36303,검색 정확일치 없음
2002다4399172,오염번호(복원: 2002다4399) — 코퍼스 보유
2002다442941,오염번호(복원: 2002다4429) — 코퍼스 보유
2002다50828,검색 정확일치 없음
2002다50828177,검색 정확일치 없음
2002다5613076,오염번호(복원: 2002다56130) — 코퍼스 보유
2002다62432136,오염번호(복원: 2002다62432) — 코퍼스 보유
2002다6468141,오염번호(복원: 2002다64681) — 코퍼스 보유
2002다65066,검색 정확일치 없음
2002다65097,검색 정확일치 없음
2002다65905243,오염번호(복원: 2002다65905) — 코퍼스 보유
2002다69631139,오염번호(복원: 2002다69631) — 코퍼스 보유
2002다69822,검색 정확일치 없음
2002다73708422,오염번호(복원: 2002다73708) — 코퍼스 보유
2002도2243749,오염번호(복원: 2002도2243) — 코퍼스 보유
2002도3450725,오염번호(복원: 2002도3450) — 코퍼스 보유
2002도3730,검색 정확일치 없음
2002도388372,오염번호(복원: 2002도3883) — 코퍼스 보유
2002도5577744,오염번호(복원: 2002도5577) — 코퍼스 보유
2002도6198,검색 정확일치 없음
2002도64950,오염번호(복원: 2002도649) — 코퍼스 보유
2002도7225645,오염번호(복원: 2002도7225) — 코퍼스 보유
2002두10094,검색 정확일치 없음
2002두11349,검색 정확일치 없음
2002두2857,검색 정확일치 없음
2002두3706,검색 정확일치 없음
2002두3959,검색 정확일치 없음
2002두6552,검색 정확일치 없음
2002두738,검색 정확일치 없음
2002두7425744,오염번호(복원: 2002두7425) — 코퍼스 보유
2002두7715,검색 정확일치 없음
2002두8138,검색 정확일치 없음
2002두8138338,검색 정확일치 없음
2002두8640840,오염번호(복원: 2002두8640) — 코퍼스 보유
2002두906317,오염번호(복원: 2002두9063) — 코퍼스 보유
2002두9919,검색 정확일치 없음
2002두9919664,검색 정확일치 없음
2002두9919666,검색 정확일치 없음
2002마438099,오염번호(복원: 2002마4380) — 코퍼스 보유
2002재다388,검색 정확일치 없음
2002헌바9532,오염번호(복원: 2002헌바95) — 코퍼스 보유
2003가합15221,검색 정확일치 없음
2003구합1196,검색 정확일치 없음
2003구합12578,검색 정확일치 없음
2003구합23769,검색 정확일치 없음
2003구합24632,검색 정확일치 없음
2003구합25611,검색 정확일치 없음
2003구합25826,검색 정확일치 없음
2003구합27860,검색 정확일치 없음
2003구합28856,검색 정확일치 없음
2003구합31005,검색 정확일치 없음
2003구합35656,검색 정확일치 없음
2003구합5143,검색 정확일치 없음
2003누14675,검색 정확일치 없음
2003누19007,검색 정확일치 없음
2003누3316,검색 정확일치 없음
2003누9772,검색 정확일치 없음
2003다10421177,오염번호(복원: 2003다10421) — 코퍼스 보유
2003다11387,검색 정확일치 없음
2003다14935,검색 정확일치 없음
2003다16108,검색 정확일치 없음
2003다26044,검색 정확일치 없음
2003다264544,오염번호(복원: 2003다264) — 코퍼스 보유
2003다264799,오염번호(복원: 2003다264) — 코퍼스 보유
2003다27429654,오염번호(복원: 2003다27429) — 코퍼스 보유
2003다30777,검색 정확일치 없음
2003다38597,검색 정확일치 없음
2003다40538202,오염번호(복원: 2003다40538) — 코퍼스 보유
2003다40538495,오염번호(복원: 2003다40538) — 코퍼스 보유
2003다40798498,오염번호(복원: 2003다40798) — 코퍼스 보유
2003다44363,검색 정확일치 없음
2003다44691,검색 정확일치 없음
2003다4815297,오염번호(복원: 2003다4815) — 코퍼스 보유
2003다48556,검색 정확일치 없음
2003다50580135,오염번호(복원: 2003다50580) — 코퍼스 보유
2003다54322177,오염번호(복원: 2003다54322) — 코퍼스 보유
2003다55493,검색 정확일치 없음
2003다63029331,오염번호(복원: 2003다63029) — 코퍼스 보유
2003다66523,검색 정확일치 없음
2003다69393464,오염번호(복원: 2003다69393) — 코퍼스 보유
2003도300011,오염번호(복원: 2003도3000) — 코퍼스 보유
2003도3344,검색 정확일치 없음
2003두1042,검색 정확일치 없음
2003두1097748,오염번호(복원: 2003두1097) — 코퍼스 보유
2003두10978,오염번호(복원: 2003두1097) — 코퍼스 보유
2003두11247,검색 정확일치 없음
2003두11599,검색 정확일치 없음
2003두11834,검색 정확일치 없음
2003두13250,검색 정확일치 없음
2003두13663,검색 정확일치 없음
2003두1393940,오염번호(복원: 2003두13939) — 코퍼스 보유
2003두13991,검색 정확일치 없음
2003두14338,검색 정확일치 없음
2003두342050,오염번호(복원: 2003두3420) — 코퍼스 보유
2003두4287,검색 정확일치 없음
2003두5198,검색 정확일치 없음
2003두5563,검색 정확일치 없음
2003두5600,검색 정확일치 없음
2003두6634,검색 정확일치 없음
2003두7385,검색 정확일치 없음
2003두896682,오염번호(복원: 2003두896) — 코퍼스 보유
2003두902435,오염번호(복원: 2003두902) — 코퍼스 보유
2003두9282,검색 정확일치 없음
2003두9336,검색 정확일치 없음
2003헌바9,검색 정확일치 없음
2004가단273036,검색 정확일치 없음
2004가합68903,검색 정확일치 없음
2004구합13257,검색 정확일치 없음
2004구합16430,검색 정확일치 없음
2004구합18689,검색 정확일치 없음
2004구합2387,검색 정확일치 없음
2004구합25229,검색 정확일치 없음
2004구합26062,검색 정확일치 없음
2004구합31002,검색 정확일치 없음
2004구합37185,검색 정확일치 없음
2004구합37253,검색 정확일치 없음
2004구합38027,검색 정확일치 없음
2004구합39723,검색 정확일치 없음
2004구합39976,검색 정확일치 없음
2004구합5287,검색 정확일치 없음
2004노583,검색 정확일치 없음
2004노583521,검색 정확일치 없음
2004누11901,검색 정확일치 없음
2004누13587,검색 정확일치 없음
2004누16494,검색 정확일치 없음
2004누2362,검색 정확일치 없음
2004누23638,검색 정확일치 없음
2004누23638137,검색 정확일치 없음
2004다11032,검색 정확일치 없음
2004다11070807,오염번호(복원: 2004다11070) — 코퍼스 보유
2004다24854542,오염번호(복원: 2004다24854) — 코퍼스 보유
2004다2973637,오염번호(복원: 2004다29736) — 코퍼스 보유
2004다37744,검색 정확일치 없음
2004다41217177,오염번호(복원: 2004다41217) — 코퍼스 보유
2004다4683,검색 정확일치 없음
2004다51139,검색 정확일치 없음
2004다51139526,검색 정확일치 없음
2004다68250,검색 정확일치 없음
2004다68953,검색 정확일치 없음
2004도227571,오염번호(복원: 2004도227) — 코퍼스 보유
2004도3891788,오염번호(복원: 2004도3891) — 코퍼스 보유
2004도7218749,오염번호(복원: 2004도7218) — 코퍼스 보유
2004도8620,검색 정확일치 없음
2004두12582,검색 정확일치 없음
2004두12766,검색 정확일치 없음
2004두1728,검색 정확일치 없음
2004두1728857,검색 정확일치 없음
2004두2714,검색 정확일치 없음
2004두4765,검색 정확일치 없음
2004두91643,오염번호(복원: 2004두916) — 코퍼스 보유
2004두9975,검색 정확일치 없음
2004헌마55410,오염번호(복원: 2004헌마554) — 코퍼스 보유
2004헌마67020,오염번호(복원: 2004헌마670) — 코퍼스 보유
2004헌마67522,오염번호(복원: 2004헌마675) — 코퍼스 보유
2004헌바9536,오염번호(복원: 2004헌바9) — 코퍼스 보유
2005가단42764,검색 정확일치 없음
2005구합10576,검색 정확일치 없음
2005구합13582,검색 정확일치 없음
2005구합14158,검색 정확일치 없음
2005구합15700,검색 정확일치 없음
2005구합16390,검색 정확일치 없음
2005구합16468,검색 정확일치 없음
2005구합16888,검색 정확일치 없음
2005구합1718,검색 정확일치 없음
2005구합22654,검색 정확일치 없음
2005구합28584,검색 정확일치 없음
2005구합30709,검색 정확일치 없음
2005구합34015,검색 정확일치 없음
2005구합37182,검색 정확일치 없음
2005구합41143,검색 정확일치 없음
2005구합4168,검색 정확일치 없음
2005구합42061,검색 정확일치 없음
2005구합4649,검색 정확일치 없음
2005구합5079,검색 정확일치 없음
2005구합5536,검색 정확일치 없음
2005나9133,검색 정확일치 없음
2005누12,검색 정확일치 없음
2005누23413,검색 정확일치 없음
2005다2091043,오염번호(복원: 2005다20910) — 코퍼스 보유
2005다30610757,오염번호(복원: 2005다30610) — 코퍼스 보유
2005다45827478,오염번호(복원: 2005다45827) — 코퍼스 보유
2005다54029,검색 정확일치 없음
2005다54463,검색 정확일치 없음
2005도8005732,오염번호(복원: 2005도8005) — 코퍼스 보유
2005도836448,오염번호(복원: 2005도8364) — 코퍼스 보유
2005도8606595,오염번호(복원: 2005도8606) — 코퍼스 보유
2005두11418564,오염번호(복원: 2005두11418) — 코퍼스 보유
2005두1152,검색 정확일치 없음
2005두12862,검색 정확일치 없음
2005두12992747,오염번호(복원: 2005두12992) — 코퍼스 보유
2005두13247,검색 정확일치 없음
2005두13384,검색 정확일치 없음
2005두14767,검색 정확일치 없음
2005두14806,검색 정확일치 없음
2005두14813,검색 정확일치 없음
2005두16499,검색 정확일치 없음
2005두16772,검색 정확일치 없음
2005두3608,검색 정확일치 없음
2005두4120792,오염번호(복원: 2005두4120) — 코퍼스 보유
2005두4403,검색 정확일치 없음
2005두4403465,검색 정확일치 없음
2005두4991,검색 정확일치 없음
2005두5093,검색 정확일치 없음
2005두6423,검색 정확일치 없음
2005두6522,검색 정확일치 없음
2005두7945,검색 정확일치 없음
2005두8047,검색 정확일치 없음
2005두8788376,오염번호(복원: 2005두8788) — 코퍼스 보유
2005두9019,검색 정확일치 없음
2005두9217,검색 정확일치 없음
2005두9729,검색 정확일치 없음
2005두9873353,오염번호(복원: 2005두9873) — 코퍼스 보유
2005카합411,검색 정확일치 없음
2006가합1639311,검색 정확일치 없음
2006구합13138,검색 정확일치 없음
2006구합14179,검색 정확일치 없음
2006구합16311,검색 정확일치 없음
2006구합2084,검색 정확일치 없음
2006구합2466,검색 정확일치 없음
2006구합24701,검색 정확일치 없음
2006구합27519,검색 정확일치 없음
2006구합32474,검색 정확일치 없음
2006구합33644,검색 정확일치 없음
2006구합4119,검색 정확일치 없음
2006구합45067,검색 정확일치 없음
2006구합45968,검색 정확일치 없음
2006구합46657,검색 정확일치 없음
2006나100181,검색 정확일치 없음
2006나2710,검색 정확일치 없음
2006누11455,검색 정확일치 없음
2006누13741,검색 정확일치 없음
2006누23496,검색 정확일치 없음
2006누25980,검색 정확일치 없음
2006누26075,검색 정확일치 없음
2006누4648,검색 정확일치 없음
2006누7548,검색 정확일치 없음
2006다16215328,오염번호(복원: 2006다16215) — 코퍼스 보유
2006다17287186,오염번호(복원: 2006다17287) — 코퍼스 보유
2006다17287191,오염번호(복원: 2006다17287) — 코퍼스 보유
2006다33531328,오염번호(복원: 2006다33531) — 코퍼스 보유
2006다381,검색 정확일치 없음
2006다48069372,오염번호(복원: 2006다48069) — 코퍼스 보유
2006다48489,검색 정확일치 없음
2006다66968,검색 정확일치 없음
2006다66968394,검색 정확일치 없음
2006다75088,검색 정확일치 없음
2006다81523,검색 정확일치 없음
2006도1513,검색 정확일치 없음
2006도388794,오염번호(복원: 2006도388) — 코퍼스 보유
2006도638911,오염번호(복원: 2006도6389) — 코퍼스 보유
2006도6479112,오염번호(복원: 2006도6479) — 코퍼스 보유
2006두1074,검색 정확일치 없음
2006두11644,검색 정확일치 없음
2006두11644340,검색 정확일치 없음
2006두13220,검색 정확일치 없음
2006두15172,검색 정확일치 없음
2006두1715,검색 정확일치 없음
2006두18812,검색 정확일치 없음
2006두2701,검색 정확일치 없음
2006두4233,검색 정확일치 없음
2006두4912902,오염번호(복원: 2006두4912) — 코퍼스 보유
2006두5335,검색 정확일치 없음
2006두6956,검색 정확일치 없음
2006두6956137,검색 정확일치 없음
2006두9269,검색 정확일치 없음
2006두9873,검색 정확일치 없음
2007가합10338,검색 정확일치 없음
2007가합86803,검색 정확일치 없음
2007구합13968,검색 정확일치 없음
2007구합14619,검색 정확일치 없음
2007구합15810,검색 정확일치 없음
2007구합16042,검색 정확일치 없음
2007구합290,검색 정확일치 없음
2007구합29352,검색 정확일치 없음
2007구합34125,검색 정확일치 없음
2007구합8935,검색 정확일치 없음
2007나17199,검색 정확일치 없음
2007나9102,검색 정확일치 없음
2007나9102126,검색 정확일치 없음
2007노209,검색 정확일치 없음
2007누11124,검색 정확일치 없음
2007누12738,검색 정확일치 없음
2007누1273851,검색 정확일치 없음
2007누13571,검색 정확일치 없음
2007누29224,검색 정확일치 없음
2007누30057,검색 정확일치 없음
2007누34226,검색 정확일치 없음
2007누3451,검색 정확일치 없음
2007누9084,검색 정확일치 없음
2007다63012,검색 정확일치 없음
2007다72519191,오염번호(복원: 2007다72519) — 코퍼스 보유
2007다73277275,오염번호(복원: 2007다73277) — 코퍼스 보유
2007다90692,검색 정확일치 없음
2007도10873,검색 정확일치 없음
2007도1539220,오염번호(복원: 2007도1539) — 코퍼스 보유
2007도3081,검색 정확일치 없음
2007도319277,오염번호(복원: 2007도3192) — 코퍼스 보유
2007도319278,오염번호(복원: 2007도3192) — 코퍼스 보유
2007도482764,오염번호(복원: 2007도482) — 코퍼스 보유
2007도97,검색 정확일치 없음
2007두10440330,오염번호(복원: 2007두10440) — 코퍼스 보유
2007두11153,검색 정확일치 없음
2007두12101,검색 정확일치 없음
2007두12859735,오염번호(복원: 2007두12859) — 코퍼스 보유
2007두14411,검색 정확일치 없음
2007두1479426,검색 정확일치 없음
2007두15612,검색 정확일치 없음
2007두1840616,오염번호(복원: 2007두18406) — 코퍼스 보유
2007두18406342,오염번호(복원: 2007두18406) — 코퍼스 보유
2007두18437,검색 정확일치 없음
2007두1897,검색 정확일치 없음
2007두21518,검색 정확일치 없음
2007두2234,검색 정확일치 없음
2007두22344,검색 정확일치 없음
2007두2623022,검색 정확일치 없음
2007두3077,검색 정확일치 없음
2007두34,검색 정확일치 없음
2007두3695896,오염번호(복원: 2007두3695) — 코퍼스 보유
2007두4995517,오염번호(복원: 2007두4995) — 코퍼스 보유
2007두8881520,오염번호(복원: 2007두8881) — 코퍼스 보유
2007두947137,오염번호(복원: 2007두9471) — 코퍼스 보유
2007두955621,검색 정확일치 없음
2007두9587,검색 정확일치 없음
2007헌마135924,오염번호(복원: 2007헌마1359) — 코퍼스 보유
2008가단167281,검색 정확일치 없음
2008구합11549,검색 정확일치 없음
2008구합11556,검색 정확일치 없음
2008구합12382,검색 정확일치 없음
2008구합14715,검색 정확일치 없음
2008구합15701,검색 정확일치 없음
2008구합19611,검색 정확일치 없음
2008구합22396,검색 정확일치 없음
2008구합24712,검색 정확일치 없음
2008구합32218,검색 정확일치 없음
2008구합46477,검색 정확일치 없음
2008구합48718,검색 정확일치 없음
2008나6243,검색 정확일치 없음
2008누16430,검색 정확일치 없음
2008누22787,검색 정확일치 없음
2008다13104910,오염번호(복원: 2008다13104) — 코퍼스 보유
2008다41777,검색 정확일치 없음
2008다45101,검색 정확일치 없음
2008다6052287,오염번호(복원: 2008다6052) — 코퍼스 보유
2008다9150,검색 정확일치 없음
2008도2171,검색 정확일치 없음
2008두11105,검색 정확일치 없음
2008두11495,검색 정확일치 없음
2008두11693,검색 정확일치 없음
2008두12344,검색 정확일치 없음
2008두12887,검색 정확일치 없음
2008두13873519,오염번호(복원: 2008두13873) — 코퍼스 보유
2008두13873527,오염번호(복원: 2008두13873) — 코퍼스 보유
2008두16094,검색 정확일치 없음
2008두16346,검색 정확일치 없음
2008두16711,검색 정확일치 없음
2008두17066,검색 정확일치 없음
2008두18397,검색 정확일치 없음
2008두23948,검색 정확일치 없음
2008두3678,검색 정확일치 없음
2008두3821,검색 정확일치 없음
2008두4923,검색 정확일치 없음
2008두7663,검색 정확일치 없음
2008두8024786,오염번호(복원: 2008두8024) — 코퍼스 보유
2008두9935,검색 정확일치 없음
2008카합3466,검색 정확일치 없음
2009가단421267,검색 정확일치 없음
2009가단44581,검색 정확일치 없음
2009가합13699704,오염번호(복원: 2009가합13699) — 코퍼스 보유
2009구합14491,검색 정확일치 없음
2009구합17100,검색 정확일치 없음
2009구합25415,검색 정확일치 없음
2009구합31878,검색 정확일치 없음
2009구합37395,검색 정확일치 없음
2009구합40193,검색 정확일치 없음
2009구합52844,검색 정확일치 없음
2009구합55126,검색 정확일치 없음
2009누11531,검색 정확일치 없음
2009누14974,검색 정확일치 없음
2009누1619,검색 정확일치 없음
2009누20849,검색 정확일치 없음
2009누29303,검색 정확일치 없음
2009누3189,검색 정확일치 없음
2009누33807,검색 정확일치 없음
2009누5963,검색 정확일치 없음
2009누7198,검색 정확일치 없음
2009누8801,검색 정확일치 없음
2009누8849,검색 정확일치 없음
2009누9606,검색 정확일치 없음
2009다102452678,오염번호(복원: 2009다102452) — 코퍼스 보유
2009다32362158,오염번호(복원: 2009다32362) — 코퍼스 보유
2009다35040493,오염번호(복원: 2009다35040) — 코퍼스 보유
2009다51158313,오염번호(복원: 2009다51158) — 코퍼스 보유
2009다63205452,오염번호(복원: 2009다63205) — 코퍼스 보유
2009다74144,검색 정확일치 없음
2009다8224495,오염번호(복원: 2009다82244) — 코퍼스 보유
2009다86246183,오염번호(복원: 2009다86246) — 코퍼스 보유
2009도12180753,오염번호(복원: 2009도12180) — 코퍼스 보유
2009도13833440,오염번호(복원: 2009도13833) — 코퍼스 보유
2009도4299,검색 정확일치 없음
2009도5008740,오염번호(복원: 2009도5008) — 코퍼스 보유
2009도5261,검색 정확일치 없음
2009도8917732,오염번호(복원: 2009도8917) — 코퍼스 보유
2009두12693,검색 정확일치 없음
2009두12952,검색 정확일치 없음
2009두13627876,오염번호(복원: 2009두13627) — 코퍼스 보유
2009두14682,검색 정확일치 없음
2009두15051,검색 정확일치 없음
2009두15401,검색 정확일치 없음
2009두15838,검색 정확일치 없음
2009두16398,검색 정확일치 없음
2009두16763109,오염번호(복원: 2009두16763) — 코퍼스 보유
2009두18509,검색 정확일치 없음
2009두19595,검색 정확일치 없음
2009두20977,검색 정확일치 없음
2009두2238150,오염번호(복원: 2009두2238) — 코퍼스 보유
2009두22829,검색 정확일치 없음
2009두28051,검색 정확일치 없음
2009두3354,검색 정확일치 없음
2009두3897,검색 정확일치 없음
2009두4180,검색 정확일치 없음
2009두6063,검색 정확일치 없음
2009두6520,검색 정확일치 없음
2009두6605361,오염번호(복원: 2009두6605) — 코퍼스 보유
2009두77908,오염번호(복원: 2009두7790) — 코퍼스 보유
2009두9574792,오염번호(복원: 2009두9574) — 코퍼스 보유
2009두9765,검색 정확일치 없음
2009두9796,검색 정확일치 없음
2009두9796394,검색 정확일치 없음
2009헌바168708,오염번호(복원: 2009헌바168) — 코퍼스 보유
200도4171,검색 정확일치 없음
2010구합15247,검색 정확일치 없음
2010구합18024,검색 정확일치 없음
2010구합27646,검색 정확일치 없음
2010구합2807,검색 정확일치 없음
2010구합29802,검색 정확일치 없음
2010구합31195,검색 정확일치 없음
2010구합31270,검색 정확일치 없음
2010구합32587,검색 정확일치 없음
2010구합37056,검색 정확일치 없음
2010구합39887,검색 정확일치 없음
2010구합40571,검색 정확일치 없음
2010구합42263,검색 정확일치 없음
2010구합8287,검색 정확일치 없음
2010나1675,검색 정확일치 없음
2010나32339,검색 정확일치 없음
2010나68215,검색 정확일치 없음
2010나71280,검색 정확일치 없음
2010누11674,검색 정확일치 없음
2010누1356,검색 정확일치 없음
2010누15577,검색 정확일치 없음
2010누18552,검색 정확일치 없음
2010누19845,검색 정확일치 없음
2010누26164,검색 정확일치 없음
2010누32800,검색 정확일치 없음
2010누41781,검색 정확일치 없음
2010누5020,검색 정확일치 없음
2010누6139,검색 정확일치 없음
2010누7804,검색 정확일치 없음
2010다100919363,오염번호(복원: 2010다100919) — 코퍼스 보유
2010다100919382,오염번호(복원: 2010다100919) — 코퍼스 보유
2010다10101172,오염번호(복원: 2010다101011) — 코퍼스 보유
2010다106436864,오염번호(복원: 2010다106436) — 코퍼스 보유
2010다109107,검색 정확일치 없음
2010다13282477,오염번호(복원: 2010다13282) — 코퍼스 보유
2010다2196,검색 정확일치 없음
2010다2196370,검색 정확일치 없음
2010다24534606,오염번호(복원: 2010다24534) — 코퍼스 보유
2010다25698231,오염번호(복원: 2010다25698) — 코퍼스 보유
2010다33279,검색 정확일치 없음
2010다33279448,검색 정확일치 없음
2010다3629,검색 정확일치 없음
2010다3629458,검색 정확일치 없음
2010다38007673,오염번호(복원: 2010다38007) — 코퍼스 보유
2010다52010,검색 정확일치 없음
2010다52010806,검색 정확일치 없음
2010다52041489,오염번호(복원: 2010다52041) — 코퍼스 보유
2010다57978,검색 정확일치 없음
2010다888880,검색 정확일치 없음
2010다95437,검색 정확일치 없음
2010다99279294,오염번호(복원: 2010다99279) — 코퍼스 보유
2010도11030648,오염번호(복원: 2010도11030) — 코퍼스 보유
2010도3249561,오염번호(복원: 2010도3249) — 코퍼스 보유
2010두10273,검색 정확일치 없음
2010두12682418,오염번호(복원: 2010두12682) — 코퍼스 보유
2010두12941,검색 정확일치 없음
2010두12941900,검색 정확일치 없음
2010두14732,검색 정확일치 없음
2010두15964,검색 정확일치 없음
2010두15964488,검색 정확일치 없음
2010두20362387,오염번호(복원: 2010두20362) — 코퍼스 보유
2010두20447,검색 정확일치 없음
2010두20447324,검색 정확일치 없음
2010두23156,검색 정확일치 없음
2010두5097599,오염번호(복원: 2010두5097) — 코퍼스 보유
2010두5097935,오염번호(복원: 2010두5097) — 코퍼스 보유
2010두7628,검색 정확일치 없음
2010두917,검색 정확일치 없음
2010마1193686,오염번호(복원: 2010마1193) — 코퍼스 보유
2010카합1360,검색 정확일치 없음
2010카합188,검색 정확일치 없음
2011가단79866,검색 정확일치 없음
2011가합26325,검색 정확일치 없음
2011가합3576,검색 정확일치 없음
2011구합19956,검색 정확일치 없음
2011구합21324,검색 정확일치 없음
2011구합26855,검색 정확일치 없음
2011구합29441,검색 정확일치 없음
2011구합30182,검색 정확일치 없음
2011구합3548,검색 정확일치 없음
2011구합37787,검색 정확일치 없음
2011구합39776,검색 정확일치 없음
2011나10420612,오염번호(복원: 2011나10420) — 코퍼스 보유
2011나4408,검색 정확일치 없음
2011나85903,검색 정확일치 없음
2011나94099,검색 정확일치 없음
2011누17286,검색 정확일치 없음
2011누25120,검색 정확일치 없음
2011누31842,검색 정확일치 없음
2011누33275,검색 정확일치 없음
2011누38980,검색 정확일치 없음
2011누398,검색 정확일치 없음
2011누411,검색 정확일치 없음
2011누41900,검색 정확일치 없음
2011누4901,검색 정확일치 없음
2011누8538,검색 정확일치 없음
2011다101308213,오염번호(복원: 2011다101308) — 코퍼스 보유
2011다20034473,오염번호(복원: 2011다20034) — 코퍼스 보유
2011다231491,오염번호(복원: 2011다23149) — 코퍼스 보유
2011다26537,검색 정확일치 없음
2011다36725,검색 정확일치 없음
2011다39946773,오염번호(복원: 2011다39946) — 코퍼스 보유
2011다42324446,오염번호(복원: 2011다42324) — 코퍼스 보유
2011다4629294,오염번호(복원: 2011다4629) — 코퍼스 보유
2011다60247102,오염번호(복원: 2011다60247) — 코퍼스 보유
2011다78804516,오염번호(복원: 2011다78804) — 코퍼스 보유
2011다86287680,오염번호(복원: 2011다86287) — 코퍼스 보유
2011다93858,검색 정확일치 없음
2011다95519294,오염번호(복원: 2011다95519) — 코퍼스 보유
2011도15497810,오염번호(복원: 2011도15497) — 코퍼스 보유
2011도468765,오염번호(복원: 2011도468) — 코퍼스 보유
2011도7456,검색 정확일치 없음
2011두11280,검색 정확일치 없음
2011두11310463,오염번호(복원: 2011두11310) — 코퍼스 보유
2011두13392934,오염번호(복원: 2011두13392) — 코퍼스 보유
2011두14692,검색 정확일치 없음
2011두15404606,오염번호(복원: 2011두15404) — 코퍼스 보유
2011두17745,검색 정확일치 없음
2011두17745845,검색 정확일치 없음
2011두17843,검색 정확일치 없음
2011두20192,검색 정확일치 없음
2011두20208,검색 정확일치 없음
2011두20406670,오염번호(복원: 2011두20406) — 코퍼스 보유
2011두20406672,오염번호(복원: 2011두20406) — 코퍼스 보유
2011두2132,검색 정확일치 없음
2011두2306,검색 정확일치 없음
2011두23061,검색 정확일치 없음
2011두24040,검색 정확일치 없음
2011두24040821,검색 정확일치 없음
2011두25166,검색 정확일치 없음
2011두25661902,오염번호(복원: 2011두25661) — 코퍼스 보유
2011두27843,검색 정확일치 없음
2011두29823,검색 정확일치 없음
2011두30069484,오염번호(복원: 2011두30069) — 코퍼스 보유
2011두31505,검색 정확일치 없음
2011두31505481,검색 정확일치 없음
2011두32690,검색 정확일치 없음
2011두3937,검색 정확일치 없음
2011두3944893,오염번호(복원: 2011두3944) — 코퍼스 보유
2011두4282393,오염번호(복원: 2011두4282) — 코퍼스 보유
2011두5391877,오염번호(복원: 2011두5391) — 코퍼스 보유
2011두7076863,오염번호(복원: 2011두7076) — 코퍼스 보유
2011두7526,검색 정확일치 없음
2011헌마338622,오염번호(복원: 2011헌마338) — 코퍼스 보유
2012구합12655,검색 정확일치 없음
2012구합12815,검색 정확일치 없음
2012구합14637,검색 정확일치 없음
2012구합15883,검색 정확일치 없음
2012구합23617,검색 정확일치 없음
2012구합24344,검색 정확일치 없음
2012구합2634,검색 정확일치 없음
2012구합270,검색 정확일치 없음
2012구합28346,검색 정확일치 없음
2012구합30738,검색 정확일치 없음
2012구합39827,검색 정확일치 없음
2012구합41134,검색 정확일치 없음
2012구합41455,검색 정확일치 없음
2012구합42779,검색 정확일치 없음
2012구합5053,검색 정확일치 없음
2012구합6933,검색 정확일치 없음
2012구합8847,검색 정확일치 없음
2012구합884717,검색 정확일치 없음
2012나10375,검색 정확일치 없음
2012나21609,검색 정확일치 없음
2012나23773,검색 정확일치 없음
2012나3198,검색 정확일치 없음
2012나4252,검색 정확일치 없음
2012나55091,검색 정확일치 없음
2012나61324,검색 정확일치 없음
2012나6377,검색 정확일치 없음
2012나7401,검색 정확일치 없음
2012나92571,검색 정확일치 없음
2012나991,검색 정확일치 없음
2012누11777,검색 정확일치 없음
2012누166,검색 정확일치 없음
2012누19450,검색 정확일치 없음
2012누22173,검색 정확일치 없음
2012누25417,검색 정확일치 없음
2012누28522,검색 정확일치 없음
2012누34497,검색 정확일치 없음
2012누34756,검색 정확일치 없음
2012누36653,검색 정확일치 없음
2012누623,검색 정확일치 없음
2012누883,검색 정확일치 없음
2012다107334,검색 정확일치 없음
2012다10733418,검색 정확일치 없음
2012다108139,검색 정확일치 없음
2012다108139874,검색 정확일치 없음
2012다10980,검색 정확일치 없음
2012다118655,검색 정확일치 없음
2012다119351,검색 정확일치 없음
2012다13491,검색 정확일치 없음
2012다16871,검색 정확일치 없음
2012다17936,검색 정확일치 없음
2012다179368,검색 정확일치 없음
2012다28813,검색 정확일치 없음
2012다31949,검색 정확일치 없음
2012다32690611,오염번호(복원: 2012다32690) — 코퍼스 보유
2012다42522,검색 정확일치 없음
2012다55518125,오염번호(복원: 2012다55518) — 코퍼스 보유
2012다62899,검색 정확일치 없음
2012다70388182,오염번호(복원: 2012다70388) — 코퍼스 보유
2012다71138309,오염번호(복원: 2012다71138) — 코퍼스 보유
2012다7138,검색 정확일치 없음
2012다71671,검색 정확일치 없음
2012다78316,검색 정확일치 없음
2012다79149,검색 정확일치 없음
2012다81609,검색 정확일치 없음
2012다8239566,오염번호(복원: 2012다8239) — 코퍼스 보유
2012다96120581,오염번호(복원: 2012다96120) — 코퍼스 보유
2012다96885611,오염번호(복원: 2012다96885) — 코퍼스 보유
2012다98072,검색 정확일치 없음
2012도1283,검색 정확일치 없음
2012도14654,검색 정확일치 없음
2012도14654765,검색 정확일치 없음
2012도538539,오염번호(복원: 2012도5385) — 코퍼스 보유
2012두10666,검색 정확일치 없음
2012두11126,검색 정확일치 없음
2012두12266,검색 정확일치 없음
2012두12457816,오염번호(복원: 2012두12457) — 코퍼스 보유
2012두12808,검색 정확일치 없음
2012두13702,검색 정확일치 없음
2012두13955,검색 정확일치 없음
2012두14323,검색 정확일치 없음
2012두18530,검색 정확일치 없음
2012두18868,검색 정확일치 없음
2012두18967,검색 정확일치 없음
2012두20281,검색 정확일치 없음
2012두20991905,오염번호(복원: 2012두20991) — 코퍼스 보유
2012두21369,검색 정확일치 없음
2012두21710,검색 정확일치 없음
2012두21857,검색 정확일치 없음
2012두28193,검색 정확일치 없음
2012두28913,검색 정확일치 없음
2012두3156,검색 정확일치 없음
2012두4760,검색 정확일치 없음
2012두6063559,오염번호(복원: 2012두6063) — 코퍼스 보유
2012두6957,검색 정확일치 없음
2012두9307,검색 정확일치 없음
2012헌바66768,오염번호(복원: 2012헌바66) — 코퍼스 보유
2013가단5076,검색 정확일치 없음
2013가소5258885,검색 정확일치 없음
2013가합15846,검색 정확일치 없음
2013가합40082,검색 정확일치 없음
2013가합4449,검색 정확일치 없음
2013가합4708,검색 정확일치 없음
2013가합54583,검색 정확일치 없음
2013가합7633,검색 정확일치 없음
2013구합17688,검색 정확일치 없음
2013구합22338,검색 정확일치 없음
2013구합54038,검색 정확일치 없음
2013구합55406,검색 정확일치 없음
2013구합61708,검색 정확일치 없음
2013구합79,검색 정확일치 없음
2013구합9427,검색 정확일치 없음
2013나11811,검색 정확일치 없음
2013나2025567,검색 정확일치 없음
2013나20871,검색 정확일치 없음
2013나25400,검색 정확일치 없음
2013나38222,검색 정확일치 없음
2013나8981,검색 정확일치 없음
2013누15202,검색 정확일치 없음
2013누18942,검색 정확일치 없음
2013누19310,검색 정확일치 없음
2013누2353,검색 정확일치 없음
2013누26325,검색 정확일치 없음
2013누27243,검색 정확일치 없음
2013누27298,검색 정확일치 없음
2013누29034,검색 정확일치 없음
2013누46619,검색 정확일치 없음
2013누7874,검색 정확일치 없음
2013다10017,검색 정확일치 없음
2013다101425749,오염번호(복원: 2013다101425) — 코퍼스 보유
2013다105163,오염번호(복원: 2013다1051) — 코퍼스 보유
2013다13658,검색 정확일치 없음
2013다14965868,오염번호(복원: 2013다14965) — 코퍼스 보유
2013다204119125,오염번호(복원: 2013다204119) — 코퍼스 보유
2013다209039,검색 정확일치 없음
2013다209039218,검색 정확일치 없음
2013다22195,검색 정확일치 없음
2013다25118904,오염번호(복원: 2013다25118) — 코퍼스 보유
2013다25194108,오염번호(복원: 2013다25194) — 코퍼스 보유
2013다28926261,오염번호(복원: 2013다28926) — 코퍼스 보유
2013다38695,검색 정확일치 없음
2013다47583,검색 정확일치 없음
2013다59333,검색 정확일치 없음
2013다59333176,검색 정확일치 없음
2013다69385104,오염번호(복원: 2013다69385) — 코퍼스 보유
2013다69705,검색 정확일치 없음
2013다84643624,오염번호(복원: 2013다84643) — 코퍼스 보유
2013다84650,검색 정확일치 없음
2013다85189,검색 정확일치 없음
2013도7896215,오염번호(복원: 2013도7896) — 코퍼스 보유
2013도7896297,오염번호(복원: 2013도7896) — 코퍼스 보유
2013도7896749,오염번호(복원: 2013도7896) — 코퍼스 보유
2013도7896795,오염번호(복원: 2013도7896) — 코퍼스 보유
2013도875,검색 정확일치 없음
2013두1089,검색 정확일치 없음
2013두11031,검색 정확일치 없음
2013두1119,검색 정확일치 없음
2013두1119769,검색 정확일치 없음
2013두11789,검색 정확일치 없음
2013두11789601,검색 정확일치 없음
2013두1232186,오염번호(복원: 2013두1232) — 코퍼스 보유
2013두13471,검색 정확일치 없음
2013두16418,검색 정확일치 없음
2013두16418740,검색 정확일치 없음
2013두16647,검색 정확일치 없음
2013두17565,검색 정확일치 없음
2013두19714,검색 정확일치 없음
2013두19714358,검색 정확일치 없음
2013두2001167,오염번호(복원: 2013두20011) — 코퍼스 보유
2013두23461,검색 정확일치 없음
2013두23904,검색 정확일치 없음
2013두243967,오염번호(복원: 2013두24396) — 코퍼스 보유
2013두24426,검색 정확일치 없음
2013두26064,검색 정확일치 없음
2013두26064151,검색 정확일치 없음
2013두3160690,오염번호(복원: 2013두3160) — 코퍼스 보유
2013두3351379,오염번호(복원: 2013두3351) — 코퍼스 보유
2013두6060,검색 정확일치 없음
2013두802,검색 정확일치 없음
2013두8561,검색 정확일치 없음
2013므2250157,오염번호(복원: 2013므2250) — 코퍼스 보유
2013카합231,검색 정확일치 없음
2013헌바171491,오염번호(복원: 2013헌바171) — 코퍼스 보유
2014가단2058,검색 정확일치 없음
2014가합110878,검색 정확일치 없음
2014가합20429,검색 정확일치 없음
2014가합33869,검색 정확일치 없음
2014가합48335,검색 정확일치 없음
2014가합543847,검색 정확일치 없음
2014가합579273,검색 정확일치 없음
2014가합7151,검색 정확일치 없음
2014고합207,검색 정확일치 없음
2014구합100626,검색 정확일치 없음
2014구합100862,검색 정확일치 없음
2014구합10783,검색 정확일치 없음
2014구합14587,검색 정확일치 없음
2014구합19322,검색 정확일치 없음
2014구합62333,검색 정확일치 없음
2014구합63732,검색 정확일치 없음
2014구합67086,검색 정확일치 없음
2014나11910,검색 정확일치 없음
2014나2045223,검색 정확일치 없음
2014나46480,검색 정확일치 없음
2014나9327,검색 정확일치 없음
2014누2340,검색 정확일치 없음
2014누41857,검색 정확일치 없음
2014누52475,검색 정확일치 없음
2014누58350,검색 정확일치 없음
2014다11208,검색 정확일치 없음
2014다11550624,오염번호(복원: 2014다11550) — 코퍼스 보유
2014다12843,검색 정확일치 없음
2014다1843,검색 정확일치 없음
2014다203045579,오염번호(복원: 2014다203045) — 코퍼스 보유
2014다204666914,오염번호(복원: 2014다204666) — 코퍼스 보유
2014다20882,검색 정확일치 없음
2014다221074,검색 정확일치 없음
2014다222794,검색 정확일치 없음
2014다227546,검색 정확일치 없음
2014다232296304,오염번호(복원: 2014다232296) — 코퍼스 보유
2014다232302,검색 정확일치 없음
2014다234971,검색 정확일치 없음
2014다31677,검색 정확일치 없음
2014다5098,검색 정확일치 없음
2014다5098285,검색 정확일치 없음
2014다5104,검색 정확일치 없음
2014다52575,검색 정확일치 없음
2014다5470,검색 정확일치 없음
2014다62749,검색 정확일치 없음
2014다63087697,오염번호(복원: 2014다63087) — 코퍼스 보유
2014다65533,검색 정확일치 없음
2014다65533302,검색 정확일치 없음
2014다66048,검색 정확일치 없음
2014다67775,검색 정확일치 없음
2014다76434,검색 정확일치 없음
2014다76434447,검색 정확일치 없음
2014다82354,검색 정확일치 없음
2014다85148,검색 정확일치 없음
2014다87496,검색 정확일치 없음
2014다88161,검색 정확일치 없음
2014다9632343,오염번호(복원: 2014다9632) — 코퍼스 보유
2014도12141,검색 정확일치 없음
2014도12265,검색 정확일치 없음
2014도12753222,오염번호(복원: 2014도12753) — 코퍼스 보유
2014도211619,검색 정확일치 없음
2014도4092,검색 정확일치 없음
2014도8873,검색 정확일치 없음
2014두10622,검색 정확일치 없음
2014두12345,검색 정확일치 없음
2014두12598511,오염번호(복원: 2014두12598) — 코퍼스 보유
2014두12598516,오염번호(복원: 2014두12598) — 코퍼스 보유
2014두12604,검색 정확일치 없음
2014두12765,검색 정확일치 없음
2014두13867,검색 정확일치 없음
2014두14365,검색 정확일치 없음
2014두35779,검색 정확일치 없음
2014두37900,검색 정확일치 없음
2014두38378,검색 정확일치 없음
2014두39890,검색 정확일치 없음
2014두40197,검색 정확일치 없음
2014두42827,검색 정확일치 없음
2014두46218,검색 정확일치 없음
2014두47327,검색 정확일치 없음
2014두4931388,오염번호(복원: 2014두4931) — 코퍼스 보유
2014두809,검색 정확일치 없음
2014두922,검색 정확일치 없음
2014헌가21,검색 정확일치 없음
2015가합205837,검색 정확일치 없음
2015구합3409,검색 정확일치 없음
2015구합3423,검색 정확일치 없음
2015구합5832,검색 정확일치 없음
2015구합63579,검색 정확일치 없음
2015구합73392,검색 정확일치 없음
2015나11661,검색 정확일치 없음
2015나12436,검색 정확일치 없음
2015나2022593,검색 정확일치 없음
2015나2046698,검색 정확일치 없음
2015나2049413,검색 정확일치 없음
2015나2049413152,검색 정확일치 없음
2015나20548420,검색 정확일치 없음
2015나25909,검색 정확일치 없음
2015나303513,검색 정확일치 없음
2015나305,검색 정확일치 없음
2015나56444,검색 정확일치 없음
2015나8737,검색 정확일치 없음
2015노191,검색 정확일치 없음
2015누10191,검색 정확일치 없음
2015누10412,검색 정확일치 없음
2015누11507,검색 정확일치 없음
2015누41373,검색 정확일치 없음
2015누71398,검색 정확일치 없음
2015다14075,검색 정확일치 없음
2015다204762240,오염번호(복원: 2015다204762) — 코퍼스 보유
2015다221903,검색 정확일치 없음
2015다221910,검색 정확일치 없음
2015다223862,검색 정확일치 없음
2015다228652,검색 정확일치 없음
2015다232859,검색 정확일치 없음
2015다236578,검색 정확일치 없음
2015다24409,검색 정확일치 없음
2015다252891,검색 정확일치 없음
2015다253986,검색 정확일치 없음
2015다254538,검색 정확일치 없음
2015다56383,검색 정확일치 없음
2015다65561187,오염번호(복원: 2015다65561) — 코퍼스 보유
2015다7879,검색 정확일치 없음
2015도11659112,오염번호(복원: 2015도11659) — 코퍼스 보유
2015도12632451,오염번호(복원: 2015도12632) — 코퍼스 보유
2015도1681,검색 정확일치 없음
2015도17326,검색 정확일치 없음
2015도17326743,검색 정확일치 없음
2015도5825,검색 정확일치 없음
2015도5825767,검색 정확일치 없음
2015도6173,검색 정확일치 없음
2015두2011,검색 정확일치 없음
2015두21554,검색 정확일치 없음
2015두35727,검색 정확일치 없음
2015두36157174,오염번호(복원: 2015두36157) — 코퍼스 보유
2015두38092512,오염번호(복원: 2015두38092) — 코퍼스 보유
2015두3867900,오염번호(복원: 2015두3867) — 코퍼스 보유
2015두39361628,오염번호(복원: 2015두39361) — 코퍼스 보유
2015두41401445,오염번호(복원: 2015두41401) — 코퍼스 보유
2015두41845,검색 정확일치 없음
2015두42541,검색 정확일치 없음
2015두43377,검색 정확일치 없음
2015두44097,검색 정확일치 없음
2015두4632167,오염번호(복원: 2015두46321) — 코퍼스 보유
2015두4632169,오염번호(복원: 2015두46321) — 코퍼스 보유
2015두46550,검색 정확일치 없음
2015두48136137,오염번호(복원: 2015두48136) — 코퍼스 보유
2015두49016,검색 정확일치 없음
2015두49122,검색 정확일치 없음
2015두51088,검색 정확일치 없음
2015두53237,검색 정확일치 없음
2015두55721,검색 정확일치 없음
2015두56144,검색 정확일치 없음
2015두56366,검색 정확일치 없음
2015두57673,검색 정확일치 없음
2015두776485,오염번호(복원: 2015두776) — 코퍼스 보유
2016가단505758,검색 정확일치 없음
2016가합23386,검색 정확일치 없음
2016고단863,검색 정확일치 없음
2016구합65121,검색 정확일치 없음
2016구합72624,검색 정확일치 없음
2016나10826,검색 정확일치 없음
2016나2016215,검색 정확일치 없음
2016나2036339,검색 정확일치 없음
2016나2083847,검색 정확일치 없음
2016나2087702,검색 정확일치 없음
2016나210391,검색 정확일치 없음
2016나3920,검색 정확일치 없음
2016누12637,검색 정확일치 없음
2016누45280,검색 정확일치 없음
2016누48234,검색 정확일치 없음
2016누48234629,검색 정확일치 없음
2016누51223,검색 정확일치 없음
2016누62223,검색 정확일치 없음
2016누67242,검색 정확일치 없음
2016누79078,검색 정확일치 없음
2016누79085,검색 정확일치 없음
2016다10254,검색 정확일치 없음
2016다11226759,오염번호(복원: 2016다11226) — 코퍼스 보유
2016다12748759,오염번호(복원: 2016다12748) — 코퍼스 보유
2016다202,검색 정확일치 없음
2016다204271,검색 정확일치 없음
2016다205908609,오염번호(복원: 2016다205908) — 코퍼스 보유
2016다212166,검색 정확일치 없음
2016다212876,검색 정확일치 없음
2016다238120,검색 정확일치 없음
2016다239024868,오염번호(복원: 2016다239024) — 코퍼스 보유
2016다239031,검색 정확일치 없음
2016다239048,검색 정확일치 없음
2016다239055,검색 정확일치 없음
2016다239062,검색 정확일치 없음
2016다240406,검색 정확일치 없음
2016다242884,검색 정확일치 없음
2016다242884380,검색 정확일치 없음
2016다243078260,오염번호(복원: 2016다243078) — 코퍼스 보유
2016다2451154,오염번호(복원: 2016다2451) — 코퍼스 보유
2016다254009,검색 정확일치 없음
2016다255910421,오염번호(복원: 2016다255910) — 코퍼스 보유
2016다264037,검색 정확일치 없음
2016다264037547,검색 정확일치 없음
2016다26532,검색 정확일치 없음
2016다26532679,검색 정확일치 없음
2016다31272,검색 정확일치 없음
2016다32193662,오염번호(복원: 2016다32193) — 코퍼스 보유
2016다3386280,오염번호(복원: 2016다3386) — 코퍼스 보유
2016다3850,검색 정확일치 없음
2016다39538,검색 정확일치 없음
2016다39545,검색 정확일치 없음
2016다48785175,오염번호(복원: 2016다48785) — 코퍼스 보유
2016다54995,검색 정확일치 없음
2016다56120,검색 정확일치 없음
2016다7647173,오염번호(복원: 2016다7647) — 코퍼스 보유
2016도1060286,오염번호(복원: 2016도1060) — 코퍼스 보유
2016도11847,검색 정확일치 없음
2016도11847923,검색 정확일치 없음
2016도12876,검색 정확일치 없음
2016도14559923,오염번호(복원: 2016도14559) — 코퍼스 보유
2016도1690,검색 정확일치 없음
2016도18138,검색 정확일치 없음
2016도2446,검색 정확일치 없음
2016도2446811,검색 정확일치 없음
2016도3048712,오염번호(복원: 2016도3048) — 코퍼스 보유
2016도3185717,오염번호(복원: 2016도3185) — 코퍼스 보유
2016도8729,검색 정확일치 없음
2016두148,검색 정확일치 없음
2016두31272892,오염번호(복원: 2016두31272) — 코퍼스 보유
2016두32749,검색 정확일치 없음
2016두36956626,오염번호(복원: 2016두36956) — 코퍼스 보유
2016두38280,검색 정확일치 없음
2016두41224638,오염번호(복원: 2016두41224) — 코퍼스 보유
2016두42654631,오염번호(복원: 2016두42654) — 코퍼스 보유
2016두47857877,오염번호(복원: 2016두47857) — 코퍼스 보유
2016두50563840,오염번호(복원: 2016두50563) — 코퍼스 보유
2016두52194459,오염번호(복원: 2016두52194) — 코퍼스 보유
2016두559010,검색 정확일치 없음
2016두55919892,오염번호(복원: 2016두55919) — 코퍼스 보유
2016두56042377,오염번호(복원: 2016두56042) — 코퍼스 보유
2016두58949,검색 정확일치 없음
2016두58949629,검색 정확일치 없음
2016두62795836,오염번호(복원: 2016두62795) — 코퍼스 보유
2016라21261,검색 정확일치 없음
2016마16397,검색 정확일치 없음
2017가단5217727,검색 정확일치 없음
2017가합298,검색 정확일치 없음
2017가합548478,검색 정확일치 없음
2017구합57493,검색 정확일치 없음
2017나2043532,검색 정확일치 없음
2017누12,검색 정확일치 없음
2017누12443,검색 정확일치 없음
2017다202272122,오염번호(복원: 2017다202272) — 코퍼스 보유
2017다204087,검색 정확일치 없음
2017다209129,검색 정확일치 없음
2017다209129152,검색 정확일치 없음
2017다217724865,오염번호(복원: 2017다217724) — 코퍼스 보유
2017다218642632,오염번호(복원: 2017다218642) — 코퍼스 보유
2017다219072864,오염번호(복원: 2017다219072) — 코퍼스 보유
2017다22315,검색 정확일치 없음
2017다232020,검색 정확일치 없음
2017다238004287,오염번호(복원: 2017다238004) — 코퍼스 보유
2017다239994,검색 정확일치 없음
2017다257869380,오염번호(복원: 2017다257869) — 코퍼스 보유
2017다257869381,오염번호(복원: 2017다257869) — 코퍼스 보유
2017다261387,검색 정확일치 없음
2017다264416,검색 정확일치 없음
2017다269145,검색 정확일치 없음
2017다29234373,오염번호(복원: 2017다292343) — 코퍼스 보유
2017다293629,검색 정확일치 없음
2017다35595,검색 정확일치 없음
2017다54008,검색 정확일치 없음
2017다9732867,오염번호(복원: 2017다9732) — 코퍼스 보유
2017도10554,검색 정확일치 없음
2017도16384100,오염번호(복원: 2017도16384) — 코퍼스 보유
2017도2478586,오염번호(복원: 2017도2478) — 코퍼스 보유
2017도4343,검색 정확일치 없음
2017두37772634,오염번호(복원: 2017두37772) — 코퍼스 보유
2017두37772639,오염번호(복원: 2017두37772) — 코퍼스 보유
2017두3856062,오염번호(복원: 2017두38560) — 코퍼스 보유
2017두45933891,오염번호(복원: 2017두45933) — 코퍼스 보유
2017두51303,검색 정확일치 없음
2017두54005820,오염번호(복원: 2017두54005) — 코퍼스 보유
2017두57318369,오염번호(복원: 2017두57318) — 코퍼스 보유
2017두59,검색 정확일치 없음
2017두59987,검색 정확일치 없음
2017두76005329,오염번호(복원: 2017두76005) — 코퍼스 보유
2018가소1358597,검색 정확일치 없음
2018구합7747,검색 정확일치 없음
2018나18485,검색 정확일치 없음
2018나2065317,검색 정확일치 없음
2018나51471,검색 정확일치 없음
2018나55282,검색 정확일치 없음
2018노676,검색 정확일치 없음
2018누57171,검색 정확일치 없음
2018다11053,검색 정확일치 없음
2018다11053761,검색 정확일치 없음
2018다20,검색 정확일치 없음
2018다20070914,오염번호(복원: 2018다200709) — 코퍼스 보유
2018다206899207,오염번호(복원: 2018다206899) — 코퍼스 보유
2018다206936,검색 정확일치 없음
2018다207588413,오염번호(복원: 2018다207588) — 코퍼스 보유
2018다207847874,오염번호(복원: 2018다207847) — 코퍼스 보유
2018다209706,검색 정확일치 없음
2018다209706123,검색 정확일치 없음
2018다215220,검색 정확일치 없음
2018다21821497,오염번호(복원: 2018다21821) — 코퍼스 보유
2018다22589,검색 정확일치 없음
2018다231536174,오염번호(복원: 2018다231536) — 코퍼스 보유
2018다239110303,오염번호(복원: 2018다239110) — 코퍼스 보유
2018다239110304,오염번호(복원: 2018다239110) — 코퍼스 보유
2018다239110310,오염번호(복원: 2018다239110) — 코퍼스 보유
2018다244877502,오염번호(복원: 2018다244877) — 코퍼스 보유
2018다25502,검색 정확일치 없음
2018다268828,검색 정확일치 없음
2018다269838,검색 정확일치 없음
2018다272414,검색 정확일치 없음
2018다41986760,오염번호(복원: 2018다41986) — 코퍼스 보유
2018다43330,검색 정확일치 없음
2018도12691,검색 정확일치 없음
2018도16228,검색 정확일치 없음
2018도17135,검색 정확일치 없음
2018도17135123,검색 정확일치 없음
2018도19836,검색 정확일치 없음
2018도3690857,오염번호(복원: 2018도3690) — 코퍼스 보유
2018도6486,검색 정확일치 없음
2018도9012226,오염번호(복원: 2018도9012) — 코퍼스 보유
2018두32125903,오염번호(복원: 2018두32125) — 코퍼스 보유
2018두34480366,오염번호(복원: 2018두34480) — 코퍼스 보유
2018두38000,검색 정확일치 없음
2018두38338,검색 정확일치 없음
2018두41532698,오염번호(복원: 2018두41532) — 코퍼스 보유
2018두44647456,오염번호(복원: 2018두44647) — 코퍼스 보유
2018두52808,검색 정확일치 없음
2019가합13417,검색 정확일치 없음
2019가합538253,검색 정확일치 없음
2019가합542536,검색 정확일치 없음
2019구합64167,검색 정확일치 없음
2019나2032512,검색 정확일치 없음
2019나20796,검색 정확일치 없음
2019노2151,검색 정확일치 없음
2019누42299,검색 정확일치 없음
2019누58034,검색 정확일치 없음
2019다14134,검색 정확일치 없음
2019다18174,검색 정확일치 없음
2019다200386,검색 정확일치 없음
2019다204876198,오염번호(복원: 2019다204876) — 코퍼스 보유
2019다222096871,오염번호(복원: 2019다222096) — 코퍼스 보유
2019다222836,검색 정확일치 없음
2019다2228829,검색 정확일치 없음
2019다24669697,오염번호(복원: 2019다246696) — 코퍼스 보유
2019다246702,검색 정확일치 없음
2019다24679,검색 정확일치 없음
2019다256037,검색 정확일치 없음
2019다266485,검색 정확일치 없음
2019다279283309,오염번호(복원: 2019다279283) — 코퍼스 보유
2019다282333419,오염번호(복원: 2019다282333) — 코퍼스 보유
2019다288904,검색 정확일치 없음
2019다289310556,오염번호(복원: 2019다289310) — 코퍼스 보유
2019다295773,검색 정확일치 없음
2019다299393346,오염번호(복원: 2019다299393) — 코퍼스 보유
2019도1162,검색 정확일치 없음
2019도9604,검색 정확일치 없음
2019도9688,검색 정확일치 없음
2019두31,검색 정확일치 없음
2019두40338387,오염번호(복원: 2019두40338) — 코퍼스 보유
2019두40444,검색 정확일치 없음
2019두45647842,오염번호(복원: 2019두45647) — 코퍼스 보유
2019두47377802,오염번호(복원: 2019두47377) — 코퍼스 보유
2019두53952878,오염번호(복원: 2019두53952) — 코퍼스 보유
2019두55859133,오염번호(복원: 2019두55859) — 코퍼스 보유
2019두59103,검색 정확일치 없음
2019두59103387,검색 정확일치 없음
2019두62604901,오염번호(복원: 2019두62604) — 코퍼스 보유
2019라10028,검색 정확일치 없음
2019라20165,검색 정확일치 없음
2019라20390,검색 정확일치 없음
2020나26085,검색 정확일치 없음
2020나56094,검색 정확일치 없음
2020나56100,검색 정확일치 없음
2020나94881,검색 정확일치 없음
2020다224739201,오염번호(복원: 2020다224739) — 코퍼스 보유
2020다23213615,오염번호(복원: 2020다232136) — 코퍼스 보유
2020다255986,검색 정확일치 없음
2020다267491514,오염번호(복원: 2020다267491) — 코퍼스 보유
2020다270503366,오염번호(복원: 2020다270503) — 코퍼스 보유
2020다279951846,오염번호(복원: 2020다279951) — 코퍼스 보유
2020다294479,검색 정확일치 없음
2020다294479198,검색 정확일치 없음
2020다34356,검색 정확일치 없음
2020도15325923,오염번호(복원: 2020도15325) — 코퍼스 보유
2020도15393271,오염번호(복원: 2020도15393) — 코퍼스 보유
2020도16541113,오염번호(복원: 2020도16541) — 코퍼스 보유
2020도18346,검색 정확일치 없음
2020도9188924,오염번호(복원: 2020도9188) — 코퍼스 보유
2020두279951,검색 정확일치 없음
2020두39723,검색 정확일치 없음
2020두44213,검색 정확일치 없음
2020두44213325,오염번호(복원: 2020두44213) — 코퍼스 보유
2020두49355879,오염번호(복원: 2020두49355) — 코퍼스 보유
2021가단5160620,검색 정확일치 없음
2021구합71748,검색 정확일치 없음
2021나316060,검색 정확일치 없음
2021노438,검색 정확일치 없음
2021다169337,오염번호(복원: 2021다169) — 코퍼스 보유
2021다20687,검색 정확일치 없음
2021다210621863,오염번호(복원: 2021다210621) — 코퍼스 보유
2021다216558,검색 정확일치 없음
2021다221638863,오염번호(복원: 2021다221638) — 코퍼스 보유
2021다226558,검색 정확일치 없음
2021다227100305,오염번호(복원: 2021다227100) — 코퍼스 보유
2021다229861661,오염번호(복원: 2021다229861) — 코퍼스 보유
2021다229861662,오염번호(복원: 2021다229861) — 코퍼스 보유
2021다245528871,오염번호(복원: 2021다245528) — 코퍼스 보유
2021다245535,검색 정확일치 없음
2021다25129550,오염번호(복원: 2021다251295) — 코퍼스 보유
2021다252946,검색 정확일치 없음
2021다25505147,오염번호(복원: 2021다255051) — 코퍼스 보유
2021다263748913,오염번호(복원: 2021다263748) — 코퍼스 보유
2021다304786,검색 정확일치 없음
2021다69,검색 정확일치 없음
2021다79903,검색 정확일치 없음
2021도11886301,오염번호(복원: 2021도11886) — 코퍼스 보유
2021도1500,검색 정확일치 없음
2021두46285487,오염번호(복원: 2021두46285) — 코퍼스 보유
2021두47387,검색 정확일치 없음
2021두6068744,오염번호(복원: 2021두60687) — 코퍼스 보유
2022나2025019,검색 정확일치 없음
2022나2025019608,검색 정확일치 없음
2022누54285,검색 정확일치 없음
2022누54285626,검색 정확일치 없음
2022다203798262,오염번호(복원: 2022다203798) — 코퍼스 보유
2022다206841,검색 정확일치 없음
2022다215784183,오염번호(복원: 2022다215784) — 코퍼스 보유
2022다231403307,오염번호(복원: 2022다231403) — 코퍼스 보유
2022다243871,검색 정확일치 없음
2022다245419307,오염번호(복원: 2022다245419) — 코퍼스 보유
2022다270989869,오염번호(복원: 2022다270989) — 코퍼스 보유
2022다294633,검색 정확일치 없음
2022다294633199,검색 정확일치 없음
2022도1168,검색 정확일치 없음
2022도4925,검색 정확일치 없음
2022두57138936,오염번호(복원: 2022두57138) — 코퍼스 보유
2022두57695427,오염번호(복원: 2022두57695) — 코퍼스 보유
2022두64693639,오염번호(복원: 2022두64693) — 코퍼스 보유
2023나2014115,검색 정확일치 없음
2023나201411560,검색 정확일치 없음
2023다211345154,오염번호(복원: 2023다211345) — 코퍼스 보유
2023다216777198,오염번호(복원: 2023다216777) — 코퍼스 보유
2023다217312263,오염번호(복원: 2023다217312) — 코퍼스 보유
2023다223751,검색 정확일치 없음
2023다251718540,오염번호(복원: 2023다251718) — 코퍼스 보유
2023다280563,검색 정확일치 없음
2023다286189,검색 정확일치 없음
2023다300559476,오염번호(복원: 2023다300559) — 코퍼스 보유
2023다318420123,오염번호(복원: 2023다318420) — 코퍼스 보유
2023도5476304,오염번호(복원: 2023도5476) — 코퍼스 보유
2023두41727412,오염번호(복원: 2023두41727) — 코퍼스 보유
2023두41871,검색 정확일치 없음
2023두4607485,오염번호(복원: 2023두46074) — 코퍼스 보유
2023두49387,검색 정확일치 없음
2023두49387626,검색 정확일치 없음
2023두5787684,오염번호(복원: 2023두57876) — 코퍼스 보유
2023두61370637,오염번호(복원: 2023두61370) — 코퍼스 보유
2023두63413909,오염번호(복원: 2023두63413) — 코퍼스 보유
2024다207558,검색 정확일치 없음
2024다20755860,검색 정확일치 없음
2024다283422,검색 정확일치 없음
2024다283422188,검색 정확일치 없음
2024다293092148,오염번호(복원: 2024다293092) — 코퍼스 보유
2024다294705499,오염번호(복원: 2024다294705) — 코퍼스 보유
2024다307571,검색 정확일치 없음
2024다30757139,검색 정확일치 없음
2024도1309491,오염번호(복원: 2024도1309) — 코퍼스 보유
2024도4055228,오염번호(복원: 2024도4055) — 코퍼스 보유
2024두3297343,오염번호(복원: 2024두32973) — 코퍼스 보유
2024두34122175,오염번호(복원: 2024두34122) — 코퍼스 보유
2024두54683488,오염번호(복원: 2024두54683) — 코퍼스 보유
2024마6760591,오염번호(복원: 2024마6760) — 코퍼스 보유
2025도2059931,오염번호(복원: 2025도2059) — 코퍼스 보유
2025도4428924,오염번호(복원: 2025도4428) — 코퍼스 보유
2601헌바80,검색 정확일치 없음
40인150,검색 정확일치 없음
65다1593,검색 정확일치 없음
65다1832,검색 정확일치 없음
66다592,검색 정확일치 없음
66다592312,검색 정확일치 없음
66다695,검색 정확일치 없음
66도204,검색 정확일치 없음
66도204463,검색 정확일치 없음
67다1597,검색 정확일치 없음
68누151235,오염번호(복원: 68누151) — 코퍼스 보유
68다1972232,오염번호(복원: 68다1972) — 코퍼스 보유
69다1568,검색 정확일치 없음
69다1568234,검색 정확일치 없음
71다1400441,오염번호(복원: 71다1400) — 코퍼스 보유
72다89594,오염번호(복원: 72다895) — 코퍼스 보유
74다1588,검색 정확일치 없음
75다1768216,오염번호(복원: 75다1768) — 코퍼스 보유
75다801,검색 정확일치 없음
75다872494,오염번호(복원: 75다872) — 코퍼스 보유
76누189537,검색 정확일치 없음
76다28,검색 정확일치 없음
76다502,검색 정확일치 없음
76도3657,검색 정확일치 없음
77나2947,검색 정확일치 없음
77다1648473,오염번호(복원: 77다1648) — 코퍼스 보유
77다355140,오염번호(복원: 77다355) — 코퍼스 보유
77다3673,검색 정확일치 없음
78나125,검색 정확일치 없음
79누116522,오염번호(복원: 79누116) — 코퍼스 보유
79다2168,검색 정확일치 없음
79다2332,검색 정확일치 없음
80다2945384,오염번호(복원: 80다2945) — 코퍼스 보유
80다3149320,오염번호(복원: 80다3149) — 코퍼스 보유
81나1095,검색 정확일치 없음
81다558891,오염번호(복원: 81다558) — 코퍼스 보유
81다카12,검색 정확일치 없음
82다카1243,검색 정확일치 없음
83나1810,검색 정확일치 없음
83다카1243362,오염번호(복원: 83다카1243) — 코퍼스 보유
83다카2202109,오염번호(복원: 83다카2202) — 코퍼스 보유
84다카414148,오염번호(복원: 84다카414) — 코퍼스 보유
85누12,검색 정확일치 없음
85누13,검색 정확일치 없음
85다851,검색 정확일치 없음
85다카2096838,오염번호(복원: 85다카2096) — 코퍼스 보유
85다카247387,오염번호(복원: 85다카2473) — 코퍼스 보유
85다카65773,오염번호(복원: 85다카657) — 코퍼스 보유
86다카1124312,오염번호(복원: 86다카1124) — 코퍼스 보유
86다카1347494,오염번호(복원: 86다카1347) — 코퍼스 보유
86다카24445,검색 정확일치 없음
86다카679,검색 정확일치 없음
87누147,검색 정확일치 없음
87누496114,오염번호(복원: 87누496) — 코퍼스 보유
87누762,검색 정확일치 없음
87다카1280417,오염번호(복원: 87다카1280) — 코퍼스 보유
87다카1999,검색 정확일치 없음
87다카555135,오염번호(복원: 87다카555) — 코퍼스 보유
87도2129,검색 정확일치 없음
87도2509419,오염번호(복원: 87도2509) — 코퍼스 보유
88가합10165,검색 정확일치 없음
88나29271,검색 정확일치 없음
88누6924519,오염번호(복원: 88누6924) — 코퍼스 보유
88다카1981,검색 정확일치 없음
88다카4277143,오염번호(복원: 88다카4277) — 코퍼스 보유
88도116248,오염번호(복원: 88도1162) — 코퍼스 보유
88도1162519,오염번호(복원: 88도1162) — 코퍼스 보유
89가합69194,검색 정확일치 없음
89누3242532,검색 정확일치 없음
89누3243532,오염번호(복원: 89누3243) — 코퍼스 보유
89다카24445424,오염번호(복원: 89다카24445) — 코퍼스 보유
89다카26413,검색 정확일치 없음
89다카31443163,오염번호(복원: 89다카31443) — 코퍼스 보유
89다카7754163,오염번호(복원: 89다카7754) — 코퍼스 보유
89도1801,검색 정확일치 없음
89도436,검색 정확일치 없음
89헌가10628,오염번호(복원: 89헌가106) — 코퍼스 보유
89헌가3767,오염번호(복원: 89헌가37) — 코퍼스 보유
90나22624,검색 정확일치 없음
90누1731508,오염번호(복원: 90누1731) — 코퍼스 보유
90누27278,오염번호(복원: 90누2727) — 코퍼스 보유
90누4006727,오염번호(복원: 90누4006) — 코퍼스 보유
90누6132791,오염번호(복원: 90누6132) — 코퍼스 보유
90누621,검색 정확일치 없음
90누6392793,오염번호(복원: 90누6392) — 코퍼스 보유
90누7685789,오염번호(복원: 90누7685) — 코퍼스 보유
90누9049523,오염번호(복원: 90누9049) — 코퍼스 보유
90다11554421,오염번호(복원: 90다11554) — 코퍼스 보유
90다15631320,오염번호(복원: 90다15631) — 코퍼스 보유
90다1624567,오염번호(복원: 90다16245) — 코퍼스 보유
90다1624568,오염번호(복원: 90다16245) — 코퍼스 보유
90다30828,검색 정확일치 없음
90다52222,검색 정확일치 없음
90다876394,오염번호(복원: 90다8763) — 코퍼스 보유
90다카10312177,오염번호(복원: 90다카10312) — 코퍼스 보유
90다카11636274,오염번호(복원: 90다카11636) — 코퍼스 보유
90다카12493278,오염번호(복원: 90다카12493) — 코퍼스 보유
90다카1458,검색 정확일치 없음
90다카15939,검색 정확일치 없음
90다카21176680,오염번호(복원: 90다카21176) — 코퍼스 보유
90다카21589364,오염번호(복원: 90다카21589) — 코퍼스 보유
90다카21633,검색 정확일치 없음
90다카2176,검색 정확일치 없음
90다카24311303,오염번호(복원: 90다카24311) — 코퍼스 보유
90다카25277476,오염번호(복원: 90다카25277) — 코퍼스 보유
90도1791,검색 정확일치 없음
90도2852723,오염번호(복원: 90도2852) — 코퍼스 보유
90도35728,오염번호(복원: 90도357) — 코퍼스 보유
90카72988,검색 정확일치 없음
90카7298896,검색 정확일치 없음
90헌바1926,오염번호(복원: 90헌바19) — 코퍼스 보유
91가합19495,검색 정확일치 없음
91가합1949581,검색 정확일치 없음
91나33621,검색 정확일치 없음
91나4300,검색 정확일치 없음
91누10466919,오염번호(복원: 91누10466) — 코퍼스 보유
91누10473702,오염번호(복원: 91누10473) — 코퍼스 보유
91누10480694,오염번호(복원: 91누10480) — 코퍼스 보유
91누10787534,오염번호(복원: 91누10787) — 코퍼스 보유
91누12257605,오염번호(복원: 91누12257) — 코퍼스 보유
91누12257607,오염번호(복원: 91누12257) — 코퍼스 보유
91누4146,검색 정확일치 없음
91누4164585,오염번호(복원: 91누4164) — 코퍼스 보유
91누5020361,오염번호(복원: 91누5020) — 코퍼스 보유
91누5204643,오염번호(복원: 91누5204) — 코퍼스 보유
91누5204720,오염번호(복원: 91누5204) — 코퍼스 보유
91누5204793,오염번호(복원: 91누5204) — 코퍼스 보유
91누636703,오염번호(복원: 91누636) — 코퍼스 보유
91누809884,오염번호(복원: 91누8098) — 코퍼스 보유
91다12806401,오염번호(복원: 91다12806) — 코퍼스 보유
91다12806494,오염번호(복원: 91다12806) — 코퍼스 보유
91다13533437,오염번호(복원: 91다13533) — 코퍼스 보유
91다14406264,오염번호(복원: 91다14406) — 코퍼스 보유
91다14413546,오염번호(복원: 91다14413) — 코퍼스 보유
91다17955,검색 정확일치 없음
91다19463457,오염번호(복원: 91다19463) — 코퍼스 보유
91다20418362,오염번호(복원: 91다20418) — 코퍼스 보유
91다20548253,오염번호(복원: 91다20548) — 코퍼스 보유
91다20548259,오염번호(복원: 91다20548) — 코퍼스 보유
91다2221,검색 정확일치 없음
91다27518360,오염번호(복원: 91다27518) — 코퍼스 보유
91다29071552,오염번호(복원: 91다29071) — 코퍼스 보유
91다29811485,오염번호(복원: 91다29811) — 코퍼스 보유
91다30118479,오염번호(복원: 91다30118) — 코퍼스 보유
91다30208,검색 정확일치 없음
91다30208285,검색 정확일치 없음
91다30729335,오염번호(복원: 91다30729) — 코퍼스 보유
91다34523725,오염번호(복원: 91다34523) — 코퍼스 보유
91다3642,검색 정확일치 없음
91다37256290,오염번호(복원: 91다37256) — 코퍼스 보유
91다41750399,오염번호(복원: 91다41750) — 코퍼스 보유
91다43732,검색 정확일치 없음
91다43800715,오염번호(복원: 91다43800) — 코퍼스 보유
91다43800738,오염번호(복원: 91다43800) — 코퍼스 보유
91다45165163,오염번호(복원: 91다45165) — 코퍼스 보유
91다45659,검색 정확일치 없음
91다46922156,오염번호(복원: 91다46922) — 코퍼스 보유
91다4775325,오염번호(복원: 91다4775) — 코퍼스 보유
91다8104172,오염번호(복원: 91다8104) — 코퍼스 보유
91도1324753,오염번호(복원: 91도1324) — 코퍼스 보유
91도2323706,오염번호(복원: 91도2323) — 코퍼스 보유
91도326701,오염번호(복원: 91도326) — 코퍼스 보유
92나27668,검색 정확일치 없음
92나50580,검색 정확일치 없음
92누11046895,오염번호(복원: 92누11046) — 코퍼스 보유
92누13189684,오염번호(복원: 92누13189) — 코퍼스 보유
92누15390,검색 정확일치 없음
92누15765663,오염번호(복원: 92누15765) — 코퍼스 보유
92누17471,검색 정확일치 없음
92누404301,오염번호(복원: 92누404) — 코퍼스 보유
92누7733665,오염번호(복원: 92누7733) — 코퍼스 보유
92누7733666,오염번호(복원: 92누7733) — 코퍼스 보유
92다11463,검색 정확일치 없음
92다11466,검색 정확일치 없음
92다11466180,검색 정확일치 없음
92다11695350,오염번호(복원: 92다11695) — 코퍼스 보유
92다116959,오염번호(복원: 92다11695) — 코퍼스 보유
92다14779462,오염번호(복원: 92다14779) — 코퍼스 보유
92다15086,검색 정확일치 없음
92다15710,검색 정확일치 없음
92다16690,검색 정확일치 없음
92다16690330,검색 정확일치 없음
92다19859,검색 정확일치 없음
92다19859769,검색 정확일치 없음
92다199567,오염번호(복원: 92다1995) — 코퍼스 보유
92다20309187,오염번호(복원: 92다20309) — 코퍼스 보유
92다21979,검색 정확일치 없음
92다22100,검색 정확일치 없음
92다22206,검색 정확일치 없음
92다23360913,오염번호(복원: 92다23360) — 코퍼스 보유
92다23933,검색 정확일치 없음
92다27102691,오염번호(복원: 92다27102) — 코퍼스 보유
92다27102693,오염번호(복원: 92다27102) — 코퍼스 보유
92다29970,검색 정확일치 없음
92다3230,검색 정확일치 없음
92다3230360,검색 정확일치 없음
92다34339,검색 정확일치 없음
92다34858463,오염번호(복원: 92다34858) — 코퍼스 보유
92다34933,검색 정확일치 없음
92다34940303,오염번호(복원: 92다34940) — 코퍼스 보유
92다36861,검색 정확일치 없음
92다40297,검색 정확일치 없음
92다41986494,오염번호(복원: 92다41986) — 코퍼스 보유
92다42897131,오염번호(복원: 92다42897) — 코퍼스 보유
92다43586477,검색 정확일치 없음
92다50416,검색 정확일치 없음
92다5134116,검색 정확일치 없음
92다54210428,오염번호(복원: 92다54210) — 코퍼스 보유
92다7061,검색 정확일치 없음
92도2247689,오염번호(복원: 92도2247) — 코퍼스 보유
92라2285,검색 정확일치 없음
92라34858,검색 정확일치 없음
92헌바41,검색 정확일치 없음
93나326,검색 정확일치 없음
93누5796270,오염번호(복원: 93누5796) — 코퍼스 보유
93다11654,검색 정확일치 없음
93다13544590,오염번호(복원: 93다13544) — 코퍼스 보유
93다1589391,오염번호(복원: 93다1589) — 코퍼스 보유
93다1893147,오염번호(복원: 93다1893) — 코퍼스 보유
93다1957,검색 정확일치 없음
93다21736479,오염번호(복원: 93다21736) — 코퍼스 보유
93다25264,검색 정확일치 없음
93다28584,검색 정확일치 없음
93다30938239,오염번호(복원: 93다30938) — 코퍼스 보유
93다319,검색 정확일치 없음
93다3363,검색 정확일치 없음
93다37915476,오염번호(복원: 93다37915) — 코퍼스 보유
93다39492,검색 정확일치 없음
93다48823,검색 정확일치 없음
93다카13465,검색 정확일치 없음
93헌바4362,오염번호(복원: 93헌바43) — 코퍼스 보유
94가합10586,검색 정확일치 없음
94나21582,검색 정확일치 없음
94누10122,검색 정확일치 없음
94누10443,검색 정확일치 없음
94누1093123,오염번호(복원: 94누10931) — 코퍼스 보유
94누1206745,오염번호(복원: 94누12067) — 코퍼스 보유
94누15783463,오염번호(복원: 94누15783) — 코퍼스 보유
94누162,검색 정확일치 없음
94누9177646,오염번호(복원: 94누9177) — 코퍼스 보유
94다18533,검색 정확일치 없음
94다18533304,검색 정확일치 없음
94다18553303,오염번호(복원: 94다18553) — 코퍼스 보유
94다222859,검색 정확일치 없음
94다24763377,오염번호(복원: 94다24763) — 코퍼스 보유
94다25899,검색 정확일치 없음
94다2621,검색 정확일치 없음
94다26721179,오염번호(복원: 94다26721) — 코퍼스 보유
94다36186504,오염번호(복원: 94다36186) — 코퍼스 보유
94다46596361,오염번호(복원: 94다46596) — 코퍼스 보유
94다53716379,오염번호(복원: 94다53716) — 코퍼스 보유
94다54245398,오염번호(복원: 94다54245) — 코퍼스 보유
94다54559,검색 정확일치 없음
94다5466,검색 정확일치 없음
94다55934176,오염번호(복원: 94다55934) — 코퍼스 보유
94다61611,검색 정확일치 없음
94다카1409,검색 정확일치 없음
94마1822,검색 정확일치 없음
94헌바19241,오염번호(복원: 94헌바19) — 코퍼스 보유
94헌바49,검색 정확일치 없음
95나14420,검색 정확일치 없음
95나39533,검색 정확일치 없음
95누11238481,오염번호(복원: 95누11238) — 코퍼스 보유
95누12347488,오염번호(복원: 95누12347) — 코퍼스 보유
95누1422417,오염번호(복원: 95누1422) — 코퍼스 보유
95누15728434,오염번호(복원: 95누15728) — 코퍼스 보유
95누2548,검색 정확일치 없음
95누3565521,오염번호(복원: 95누3565) — 코퍼스 보유
95누528846,검색 정확일치 없음
95누61,검색 정확일치 없음
95누6151588,오염번호(복원: 95누6151) — 코퍼스 보유
95누6410382,오염번호(복원: 95누6410) — 코퍼스 보유
95누7765424,오염번호(복원: 95누7765) — 코퍼스 보유
95누8119342,오염번호(복원: 95누8119) — 코퍼스 보유
95다10778327,오염번호(복원: 95다10778) — 코퍼스 보유
95다10778361,오염번호(복원: 95다10778) — 코퍼스 보유
95다16400377,오염번호(복원: 95다16400) — 코퍼스 보유
95다184,검색 정확일치 없음
95다19501,검색 정확일치 없음
95다21587,검색 정확일치 없음
95다24944120,오염번호(복원: 95다24944) — 코퍼스 보유
95다29970354,오염번호(복원: 95다29970) — 코퍼스 보유
95다33238399,오염번호(복원: 95다33238) — 코퍼스 보유
95다36695,검색 정확일치 없음
95다37414,검색 정확일치 없음
95다3744,검색 정확일치 없음
95다40,검색 정확일치 없음
95다52222120,오염번호(복원: 95다52222) — 코퍼스 보유
95다52611100,오염번호(복원: 95다52611) — 코퍼스 보유
95다53096334,오염번호(복원: 95다53096) — 코퍼스 보유
95다55733171,오염번호(복원: 95다55733) — 코퍼스 보유
95다55900588,오염번호(복원: 95다55900) — 코퍼스 보유
95다6823104,오염번호(복원: 95다6823) — 코퍼스 보유
95도1959715,오염번호(복원: 95도1959) — 코퍼스 보유
95도748715,오염번호(복원: 95도748) — 코퍼스 보유
95마645555,오염번호(복원: 95마645) — 코퍼스 보유
95헌바44,검색 정확일치 없음
96나35424,검색 정확일치 없음
96누10188792,오염번호(복원: 96누10188) — 코퍼스 보유
96누10331419,오염번호(복원: 96누10331) — 코퍼스 보유
96누14593,검색 정확일치 없음
96누150849,오염번호(복원: 96누15084) — 코퍼스 보유
96누16087,검색 정확일치 없음
96누17738561,오염번호(복원: 96누17738) — 코퍼스 보유
96누17738698,오염번호(복원: 96누17738) — 코퍼스 보유
96누2033,검색 정확일치 없음
96누2057809,오염번호(복원: 96누2057) — 코퍼스 보유
96누2521361,오염번호(복원: 96누2521) — 코퍼스 보유
96누3005799,오염번호(복원: 96누3005) — 코퍼스 보유
96누4220301,오염번호(복원: 96누4220) — 코퍼스 보유
96누5087424,오염번호(복원: 96누5087) — 코퍼스 보유
96누5926480,오염번호(복원: 96누5926) — 코퍼스 보유
96누8031463,오염번호(복원: 96누8031) — 코퍼스 보유
96누9034895,오염번호(복원: 96누9034) — 코퍼스 보유
96다13415685,오염번호(복원: 96다13415) — 코퍼스 보유
96다13425,검색 정확일치 없음
96다23627385,오염번호(복원: 96다23627) — 코퍼스 보유
96다24699290,오염번호(복원: 96다24699) — 코퍼스 보유
96다2507147,오염번호(복원: 96다2507) — 코퍼스 보유
96다30571311,오염번호(복원: 96다30571) — 코퍼스 보유
96다3234,검색 정확일치 없음
96다39080913,오염번호(복원: 96다39080) — 코퍼스 보유
96다54225,검색 정확일치 없음
96다6141,검색 정확일치 없음
96다6967156,오염번호(복원: 96다6967) — 코퍼스 보유
96헌가20659,오염번호(복원: 96헌가20) — 코퍼스 보유
97누14132430,오염번호(복원: 97누14132) — 코퍼스 보유
97누14798189,오염번호(복원: 97누14798) — 코퍼스 보유
97누16459890,오염번호(복원: 97누16459) — 코퍼스 보유
97누18035793,오염번호(복원: 97누18035) — 코퍼스 보유
97누18189109,오염번호(복원: 97누18189) — 코퍼스 보유
97누18202,검색 정확일치 없음
97누2528364,오염번호(복원: 97누2528) — 코퍼스 보유
97누4951271,오염번호(복원: 97누4951) — 코퍼스 보유
97누5732115,오염번호(복원: 97누5732) — 코퍼스 보유
97누7165362,오염번호(복원: 97누7165) — 코퍼스 보유
97누8427,검색 정확일치 없음
97다14200217,오염번호(복원: 97다14200) — 코퍼스 보유
97다18530,검색 정확일치 없음
97다18875,검색 정확일치 없음
97다1887583,검색 정확일치 없음
97다18963,검색 정확일치 없음
97다19694,검색 정확일치 없음
97다2547794,오염번호(복원: 97다25477) — 코퍼스 보유
97다25590343,오염번호(복원: 97다25590) — 코퍼스 보유
97다25736,검색 정확일치 없음
97다284,검색 정확일치 없음
97다36224,검색 정확일치 없음
97다435676,오염번호(복원: 97다43567) — 코퍼스 보유
97다44393,검색 정확일치 없음
97다49732497,오염번호(복원: 97다49732) — 코퍼스 보유
97다5015183,오염번호(복원: 97다5015) — 코퍼스 보유
97다54727565,오염번호(복원: 97다54727) — 코퍼스 보유
97다6926561,오염번호(복원: 97다6926) — 코퍼스 보유
97도3139,검색 정확일치 없음
97도3139709,검색 정확일치 없음
97도588609,오염번호(복원: 97도588) — 코퍼스 보유
97헌바23702,오염번호(복원: 97헌바23) — 코퍼스 보유
98가합9187,검색 정확일치 없음
98나1,검색 정확일치 없음
98누2111,검색 정확일치 없음
98다11437403,오염번호(복원: 98다11437) — 코퍼스 보유
98다19568,검색 정확일치 없음
98다20790604,오염번호(복원: 98다20790) — 코퍼스 보유
98다34331747,오염번호(복원: 98다34331) — 코퍼스 보유
98다46198172,오염번호(복원: 98다46198) — 코퍼스 보유
98다46198392,오염번호(복원: 98다46198) — 코퍼스 보유
98다49357191,오염번호(복원: 98다49357) — 코퍼스 보유
98다49357192,오염번호(복원: 98다49357) — 코퍼스 보유
98다7651,오염번호(복원: 98다765) — 코퍼스 보유
98도3822,검색 정확일치 없음
98두137523,오염번호(복원: 98두137) — 코퍼스 보유
98두14006564,오염번호(복원: 98두14006) — 코퍼스 보유
98두14921,검색 정확일치 없음
98두15269171,오염번호(복원: 98두15269) — 코퍼스 보유
98두4146,검색 정확일치 없음
98두4672383,오염번호(복원: 98두4672) — 코퍼스 보유
98두5965,검색 정확일치 없음
98헌마14133,오염번호(복원: 98헌마141) — 코퍼스 보유
98헌마141798,오염번호(복원: 98헌마141) — 코퍼스 보유
98헌마31086,오염번호(복원: 98헌마310) — 코퍼스 보유
99나19997,검색 정확일치 없음
99나41055,검색 정확일치 없음
99나41468,검색 정확일치 없음
99나54525,검색 정확일치 없음
99누11044,검색 정확일치 없음
99다10806291,오염번호(복원: 99다10806) — 코퍼스 보유
99다21806,검색 정확일치 없음
99다30473133,오염번호(복원: 99다30473) — 코퍼스 보유
99다30743,검색 정확일치 없음
99다34475420,오염번호(복원: 99다34475) — 코퍼스 보유
99다39531680,오염번호(복원: 99다39531) — 코퍼스 보유
99다4280,검색 정확일치 없음
99다45376,검색 정확일치 없음
99다67536659,오염번호(복원: 99다67536) — 코퍼스 보유
99다72422604,오염번호(복원: 99다72422) — 코퍼스 보유
99다72422655,오염번호(복원: 99다72422) — 코퍼스 보유
99도124382,오염번호(복원: 99도1243) — 코퍼스 보유
99도291048,오염번호(복원: 99도2910) — 코퍼스 보유
99도317711,오염번호(복원: 99도317) — 코퍼스 보유
99도4779,검색 정확일치 없음
99도4812,검색 정확일치 없음
99도4812730,검색 정확일치 없음
99도4836,검색 정확일치 없음
99도4837719,오염번호(복원: 99도4837) — 코퍼스 보유
99도4838,검색 정확일치 없음
99도4838734,검색 정확일치 없음
99도53850,검색 정확일치 없음
99두10889,검색 정확일치 없음
99두10889134,검색 정확일치 없음
99두10889135,검색 정확일치 없음
99두10902,검색 정확일치 없음
99두10902151,검색 정확일치 없음
99두11042,검색 정확일치 없음
99두2680396,오염번호(복원: 99두2680) — 코퍼스 보유
99두2963323,오염번호(복원: 99두2963) — 코퍼스 보유
99두2970747,오염번호(복원: 99두2970) — 코퍼스 보유
99두4280,검색 정확일치 없음
99두8657423,오염번호(복원: 99두8657) — 코퍼스 보유
99두8657424,오염번호(복원: 99두8657) — 코퍼스 보유
99두8657425,오염번호(복원: 99두8657) — 코퍼스 보유
99두9971422,오염번호(복원: 99두9971) — 코퍼스 보유
99마5143241,오염번호(복원: 99마5143) — 코퍼스 보유
99헌바663,검색 정확일치 없음
