사건번호,법원,게시글ID
2000다18127,대법원,944370
2001다16722,대법원,1224617
2001다53875,대법원,403768
2001다63599,대법원,2238665
2001다71528,대법원,403681
2001다76328,대법원,403688
2002다23185,대법원,403689
2002다52312,대법원,403693
2002다57362,대법원,403694
2002다60528,대법원,814193
2002다62432,대법원,403722
2002도3883,대법원,403686
2003다48549,대법원,403706
2003다54322,대법원,403727
2003다63029,대법원,403701
2003다69393,대법원,403718
2004다22742,대법원,403715
2004다29736,대법원,2123414
2004다34790,대법원,439374
2004다41217,대법원,403711
2005다28358,대법원,403749
2005다30580,대법원,403733
2005다3991,대법원,403737
2005다45827,대법원,403713
2005다75088,대법원,403755
2005도9230,대법원,403719
2005두13018,대법원,403739
2005두9873,대법원,403720
2006다17287,대법원,403793
2006다33531,대법원,403731
2006다37274,대법원,403767
2006다49901,대법원,403734
2006다53627,대법원,2285302
2006도7660,대법원,403763
2007다1418,대법원,403754
2007다590,대법원,403776
2007다62840,대법원,403777
2007다72519,대법원,423257
2007다73277,대법원,438976
2007다90760,대법원,495764
2007도1199,대법원,2236876
2007두10440,대법원,423255
2007두15797,대법원,623189
2007두1729,대법원,822912
2007두18406,대법원,612510
2007두22320,대법원,403760
2007두22498,대법원,403756
2008다41666,대법원,403766
2008다6052,대법원,502935
2008다9150,대법원,610521
2008두22211,대법원,403783
2009다32362,대법원,451480
2009다51158,대법원,437747
2009다82244,대법원,471576
2009다97611,대법원,634793
2009다99396,대법원,487824
2009도13833,대법원,487820
2009두1440,대법원,414577
2009두157,대법원,403788
2009두16763,대법원,952737
2009두2238,대법원,403791
2009두6605,대법원,448570
2010다101011,대법원,1247992
2010다21962,대법원,814142
2010다77514,대법원,2382832
2010다91046,대법원,1254311
2010다99279,대법원,1219473
2011다20034,대법원,937417
2011다23149,대법원,937411
2011다42324,대법원,1244836
2011다4629,대법원,1405425
2011다68777,대법원,922173
2011다95519,대법원,1446908
2011두7045,대법원,1227547
2012다12870,대법원,2238634
2012다89399,대법원,1357241
2012두18585,대법원,1237864
2013다25194,대법원,2382534
2013다71180,대법원,2285258
2013두24860,대법원,403682
2013두25276,대법원,1763837
2014다232296,대법원,2389505
2014다28305,대법원,2385659
2014도8873,대법원,1744323
2015다253986,대법원,1744317
2015다254231,대법원,
2015다66052,대법원,2389249
2015다73067,대법원,
2015두36157,대법원,2038092
2016다13437,대법원,
2016다200200,대법원,2385618
2016다236407,대법원,
2016다239024,대법원,
2016다2451,대법원,2283988
2016다249236,대법원,1777298
2016다255910,대법원,1785575
2016다255941,대법원,
2016다32193,대법원,1777301
2016다7647,대법원,
2016다7975,대법원,2279151
2016두41071,대법원,
2016두50563,대법원,1768050
2016두57045,대법원,2380608
2017다14581,대법원,
2017다16778,대법원,2284884
2017다17955,대법원,
2017다202272,대법원,
2017다217724,대법원,
2017다226605,대법원,
2017다239984,대법원,
2017다242928,대법원,
2017다292343,대법원,2343477
2017다292718,대법원,
2017다35588,대법원,2343530
2017다52712,대법원,
2017다56226,대법원,2247259
2017다9732,대법원,
2017두45933,대법원,
2017두52153,대법원,
2017두61874,대법원,
2017두70793,대법원,
2017두71604,대법원,
2017두76005,대법원,
2018다200709,대법원,2038114
2018다206899,대법원,
2018다207847,대법원,
2018다229120,대법원,
2018다231536,대법원,2038078
2018다239110,대법원,2330222
2018다244877,대법원,
2018다249308,대법원,
2018다251486,대법원,
2018다253680,대법원,
2018다255488,대법원,2279032
2018다260602,대법원,1967869
2018다262653,대법원,
2018다263519,대법원,
2018다270876,대법원,
2018다275925,대법원,
2018다283049,대법원,
2018다288662,대법원,
2018다298904,대법원,
2018다300586,대법원,
2018다301527,대법원,
2018다303417,대법원,
2018도2720,대법원,
2018도965,대법원,
2018두34480,대법원,
2018두38000,대법원,
2018두43958,대법원,
2018두51201,대법원,
2018두60380,대법원,
2018두62492,대법원,
2019다218837,대법원,
2019다221352,대법원,
2019다223303,대법원,
2019다238053,대법원,
2019다246696,대법원,
2019다252004,대법원,2361842
2019다266485,대법원,
2019다279283,대법원,
2019다279344,대법원,
2019다282333,대법원,
2019다288898,대법원,2353264
2019다28966,대법원,
2019다293098,대법원,
2019다29778,대법원,2365606
2019다299065,대법원,
2019다299393,대법원,
2019도10297,대법원,
2019두30270,대법원,
2019두39314,대법원,
2019두40260,대법원,
2019두45616,대법원,
2019두52386,대법원,
2019두53952,대법원,
2019두55262,대법원,
2019두55859,대법원,
2019두59349,대법원,
2020다219928,대법원,
2020다232136,대법원,
2020다237117,대법원,
2020다245958,대법원,
2020다253744,대법원,
2020다254372,대법원,
2020다255917,대법원,
2020다255986,대법원,
2020다256385,대법원,
2020다282674,대법원,
2020다287921,대법원,
2020다294486,대법원,
2020다296321,대법원,
2020다296819,대법원,2361807
2020다301155,대법원,
2020도15393,대법원,2366928
2020도16228,대법원,
2020도16431,대법원,
2020도16541,대법원,
2020도17654,대법원,
2020도18346,대법원,
2020도68,대법원,
2020도9257,대법원,
2020두40945,대법원,
2020두44213,대법원,
2020두49355,대법원,
2020두54852,대법원,
2020두54869,대법원,
2021다210102,대법원,
2021다210621,대법원,
2021다210829,대법원,
2021다218083,대법원,2279188
2021다222914,대법원,2247287
2021다225845,대법원,2246340
2021다226558,대법원,
2021다227100,대법원,2261831
2021다229076,대법원,
2021다229588,대법원,
2021다229601,대법원,
2021다234924,대법원,
2021다252946,대법원,
2021다255051,대법원,
2021다258463,대법원,
2021다274069,대법원,
2021다279903,대법원,
2021다280781,대법원,
2021다290160,대법원,
2021다310484,대법원,
2021도11675,대법원,
2021도6416,대법원,
2021두33470,대법원,
2021두33715,대법원,
2021두34275,대법원,
2021두35438,대법원,
2021두36103,대법원,
2021두39034,대법원,
2021두45114,대법원,
2021두45633,대법원,
2021두46285,대법원,
2021두50642,대법원,
2022다200249,대법원,
2022다203798,대법원,
2022다215784,대법원,
2022다219540,대법원,
2022다224290,대법원,
2022다226234,대법원,
2022다231403,대법원,
2022다245419,대법원,
2022다245518,대법원,
2022다307003,대법원,
2022도1168,대법원,
2022도2188,대법원,
2022두19,대법원,
2022두30072,대법원,
2022두47391,대법원,
2022두57695,대법원,2346241
2022두64518,대법원,
2023다213556,대법원,
2023다217312,대법원,
2023다223744,대법원,
2023다300559,대법원,
2023다315391,대법원,
2023도188,대법원,
2023도2318,대법원,
2023두41727,대법원,
2024다211908,대법원,
2024도1309,대법원,
2024도4055,대법원,
2024두32973,대법원,
90다카19647,대법원,903374
90다카25277,대법원,2237555
91다30828,대법원,403730
91다45165,대법원,2238175
92누404,대법원,403748
92다24509,대법원,2238644
93누5796,대법원,2238155
93다11463,대법원,2238133
93다17843,대법원,2237695
93다26168,대법원,2236951
93다47677,대법원,2237499
94다55934,대법원,2281561
95누15728,대법원,2237571
96다24699,대법원,509325
96도732,대법원,2236842
98다34393,대법원,2382890
98다49357,대법원,403683
99두8657,대법원,2236909
