사건번호,법원,날짜,인용횟수
90누9421,대법원,1992.5.12.,18
77다355,대법원,1977.7.26.,7
2001다29452,대법원,2002.7.9.,6
97누5435,대법원,1998.12.22.,4
91다17931,대법원,1992.4.24.,4
2015두46321,대법원,2019.3.14.,4
2003두12912,대법원,2004.9.3.,4
2009다86246,대법원,2011.10.13.,4
2002다11458,대법원,2003.4.25.,4
2013다14965,대법원,2015.11.26.,3
2010다41089,대법원,2010.9.30.,3
99다10806,대법원,2000.12.22.,3
94누11767,대법원,1995.3.3.,3
2000두8455,대법원,2002.3.29.,3
91다43138,대법원,1992.4.10.,3
2013다60807,대법원,2018.7.12.,3
2000대8127,대법원,2002.5.31.,3
2000다51476,대법원,2000.11.28.,3
90다카13465,대법원,1990.12.26.,3
2011다101308,대법원,2012.3.29.,3
2010다52041,대법원,2013.2.28.,3
2015두36126,대법원,2015.11.26.,3
94다25889,대법원,1994.10.25.,3
2016두47857,대법원,2019.9.30.,3
2003다50580,대법원,2005.7.15.,3
97누5732,대법원,1997.10.10.,3
2018두44647,대법원,2019.11.28.,3
2009다63205,대법원,2011.11.10.,3
98두7787,대법원,1999.12.21.,3
97다5015,대법원,1999.5.12.,3
2014두45765,대법원,2016.11.10.,3
92누8200,대법원,1993.1.26.,3
96다1726,대법원,1997.8.26.,3
2013두26750,대법원,2017.3.15.,2
98두4672,대법원,1999.3.26.,2
2016두64876,대법원,2021.7.29.,2
2002다16958,대법원,2002.6.14.,2
2004다26799,대법원,2005.10.13.,2
94다27960,대법원,1994.12.13.,2
2004다44506,대법원,2006.9.28.,2
99다53865,대법원,1999.12.21.,2
96다2644,대법원,1997.6.24.,2
94누15783,대법원,1995.12.5.,2
2006다32910,대법원,2008.4.10,2
99다48986,대법원,2000.1.18.,2
94다19228,대법원,1995.2.10.,2
99두4280,대법원,2000.11.24.,2
92다34858,대법원,1993.12.28.,2
2012다108139,대법원,2016.6.23.,2
90헌바19,헌법재판소,1996.12.26.,2
95다45934,대법원,1996.12.6.,2
2001다24051,대법원,2001.10.30.,2
94다24763,대법원,1995.5.23.,2
94다52119,대법원,1995.12.22.,2
93다21736,대법원,1993.9.24.,2
2000두9373,대법원,2002.7.9.,2
87다카2132,대법원,1989.5.23.,2
2013다1051,대법원,2015.10.29.,2
2015다204762,대법원,2015.8.19.,2
2011다60193,대법원,2013.6.13.,2
95누15926,대법원,1996.10.29.,2
94다26721,대법원,1995.12.21.,2
96다33556,대법원,1997.4.8.,2
93다37915,대법원,1993.11.9.,2
2001두11076,대법원,2002.6.14.,2
99다34475,대법원,2000.4.25.,2
2011두2132,대법원,2012.3.29.,2
93다17898,대법원,1993.8.24.,2
2014다5098,대법원,2016.8.24.,2
95다10778,대법원,1995.8.11.,2
91다44100,대법원,1992.7.24.,2
94다52928,대법원,1995.10.13.,2
2005두8436,대법원,2007.1.25.,2
96누5087,대법원,1997.7.8.,2
94누12067,대법원,1995.9.15.,2
90다9353,대법원,1991.7.12.,2
2018두54705,대법원,2020.11.5.,2
2015두48136,대법원,2015.11.27.,2
2001다12669,대법원,2003.7.25.,2
95다4056,대법원,1997.4.25.,2
94다9092,대법원,1994.9.30.,2
2015다65561,대법원,2019.6.18.,2
91누10466,대법원,1992.5.12.,2
98다54960,대법원,2000.6.23.,2
94다4011,대법원,1995.4.11.,2
95누17571,대법원,1996.11.26.,2
2010다100919,대법원,2012.1.27.,2
89다카24445,대법원,1990.3.13.,2
2013다69385,대법원,2014.1.16.,2
2010다95147,대법원,2012.10.11.,2
2020도다296321,대법원,2021.7.8.,2
91다37256,대법원,1992.7.14,2
92누3076,대법원,1993.1.26.,2
2011헌바395,헌법재판소,2013.7.25.,2
2011다60247,대법원,2013.11.28.,2
2011두11310,대법원,2012.5.24.,2
2004헌마670,헌법재판소,2007.8.30.,2
93누23275,대법원,1994.12.13.,2
92누11114,대법원,1992.11.13.,2
2001다25184,대법원,2001.10.23.,2
2009다88303,대법원,2012.5.24.,2
87다카2803,대법원,1988.12.13.,2
91다19210,대법원,1992.6.23.,2
97누1600,대법원,1997.9.26.,2
2008다70336,대법원,2009.2.12.,2
95다6823,대법원,1996.4.23.,2
2008두4367,대법원,2010.7.22.,2
92누6099,대법원,1992.7.28.,2
2014두43288,대법원,2016.12.1.,2
2007도3192,대법원,2007.8.23.,2
2019다261084,대법원,2019.11.28.,2
2017다219072,대법원,2019.8.29.,2
2000다3347,대법원,2002.3.26.,2
2012두25873,대법원,2015.5.28.,2
2013도7896,대법원,2017.7.11.,2
90도357,대법원,1990.5.15.,2
2000두3689,대법원,2001.12.14.,2
92다893,대법원,1994.2.8.,2
2012두2207,대법원,2014.9.24.,2
94다4042,대법원,1994.9.30.,2
2015다232859,대법원,2017.3.22.,2
84다카1409,대법원,1987.2.24.,2
2012다14517,대법원,2014.11.13.,2
92다39860,대법원,1992.12.8.,2
2003다10650,대법원,2003.4.22.,2
2007두1460,대법원,2007.5.31.,2
2008두2088,대법원,2009.3.12.,2
2014다27807,대법원,2019.4.23.,2
91다20548,대법원,1992.4.14.,2
99나41468,서울고등법원,2000.4.28.,2
91다39559,대법원,1992.3.13.,1
2013다38695,대법원,2015.6.11.,1
2014다227546,대법원,2015.2.26.,1
88다카33190,대법원,1989.8.8.,1
2016다31272,대법원,2017.3.30.,1
93다32002,대법원,1994.5.13.,1
92다20309,대법원,1994.4.12.,1
91다19463,대법원,1992.11.10.,1
92누6082,대법원,1992.11.13.,1
2002다73708,대법원,2003.5.13.,1
93다35384,대법원,1993.11.9.,1
97다36316,대법원,1997.12.12.,1
94누13589,대법원,1996.8.23.,1
2015다24409,대법원,2015.9.15.,1
2014다66048,대법원,2016.12.15.,1
2023다275998,대법원,2024.1.25.,1
98두4146,대법원,2000.3.10.,1
2005두8788,대법원,2007.9.6.,1
2014다52575,대법원,2015.2.26.,1
91누9244,대법원,1994.12.27.,1
92다14786,대법원,1992.7.28.,1
2016다240406,대법원,2018.12.13.,1
2009두14682,대법원,2011.9.8.,1
2014두12765,대법원,2016.1.28.,1
90다8084,대법원,1991.4.12.,1
95누14633,대법원,1996.8.23.,1
2021다213477,대법원,2023.4.27.,1
2001도204,대법원,2001.2.23.,1
2006대381,대법원,2006.4.27.,1
94다46596,대법원,1995.5.26.,1
2017다257869,대법원,2019.11.28.,1
95다56798,대법원,1997.12.12.,1
2000두9380,대법원,2002.5.28.,1
2000두4606,대법원,2002.6.28.,1
98헌마141,헌법재판소,1999.11.25.,1
95다33238,대법원,1996.5.31.,1
96다4930,대법원,1997.3.25.,1
2017다209129,대법원,2017.5.31.,1
2003두11339,대법원,2004.1.15.,1
82다카90,대법원,1982.6.22.,1
95다51397,대법원,1997.3.28.,1
2005헌마586,헌법재판소,2008.9.25.,1
92누11121,대법원,1993.2.23.,1
2003헌바12,헌법재판소,2005.3.31.,1
93다7464,대법원,1993.11.9.,1
2013다69705,대법원,2015.11.26.,1
2010두20362,대법원,2013.2.15.,1
2020두279951,대법원,2022.2.10.,1
2015다217287,대법원,2019.2.14.,1
2018도16228,대법원,2019.7.25.,1
92다49171,대법원,1993.4.13.,1
2002다4429,대법원,2002.9.4.,1
94다18072,대법원,1995.3.10.,1
90다20428,대법원,1991.10.25.,1
93다1893,대법원,1993.5.14.,1
2019다223389,대법원,2024.4.12.,1
2014도211619,대법원,2017.1.25.,1
2012도5875,대법원,2013.12.26.,1
2013다22195,대법원,2015.6.24.,1
2013두11031,대법원,2013.9.12.,1
2008다13104,대법원,2009.5.21.,1
91다38075,대법원,1992.5.26.,1
2017두74719,대법원,2018.4.26.,1
91다22070,대법원,1991.11.26.,1
87다카2853,대법원,1988.5.10,1
2015두21554,대법원,2017.1.12.,1
2005두4991,대법원,2005.9.9.,1
2005헌마1156,헌법재판소,2008.10.30.,1
94다54245,대법원,1995.9.29,1
2018다43330,대법원,2018.8.30.,1
99다47129,대법원,2000.5.16.,1
2012다79149,대법원,2015.7.9.,1
95누15742,대법원,1996.9.20.,1
93다61611,대법원,1994.12.9.,1
2001두8018,대법원,2003.7.8.,1
78다1046,대법원,1978.9.12.,1
96다47074,대법원,1997.5.16.,1
2015다209699,대법원,2018.9.28.,1
92누15390,대법원,1992.12.24.,1
2010다93707,대법원,2015.2.26.,1
94다45715,대법원,1995.3.28.,1
88누4508,대법원,1989.5.23.,1
80다3149,대법원,1981.8.25.,1
95누6151,대법원,1996.4.23.,1
94다60509,대법원,1995.5.26.,1
2014두47327,대법원,2016.1.28.,1
99다7367,대법원,2000.9.22.,1
2015헌바413,헌법재판소,2016.11.24.,1
95누3565,대법원,1995.12.22.,1
86다204,대법원,1988.12.13.,1
88다카2974,대법원,1989.2.28.,1
2016다26532,대법원,2017.3.22.,1
2015두59907,대법원,2017.10.12.,1
91누8098,대법원,1992. 2.14.,1
2012헌바382,헌법재판소,2014.6.26.,1
2019두48684,대법원,2019.12.24.,1
2014다74254,대법원,2017.12.5.,1
2005다10531,대법원,2005.9.15.,1
87도2509,대법원,1988.2.9.,1
88누5037,대법원,1990.10.23.,1
2013다59333,대법원,2014.10.27.,1
91누6368,대법원,1992.12.22.,1
98가합20043,서울남부지방법원,1999.4.30.,1
2006다33999,대법원,2007.12.28,1
90다12991,대법원,1991.12.24.,1
97누7165,대법원,1997.9.12.,1
90다카21589,대법원,1990.11.23.,1
2016다48297,대법원,2018.6.28.,1
92도2089,대법원,1993.7.13.,1
2005두5673,대법원,2006.2.24.,1
2018두38338,대법원,2018.6.15.,1
2011두3944,대법원,2011.6.9.,1
89다카5451,대법원,1990.4.27.,1
90다11554,대법원,1991.7.12.,1
2013두23904,대법원,2014.2.28.,1
2016다243078,대법원,2017.12.23.,1
92누15765,대법원,1993.4.9,1
2013다209039,대법원,2015.12.23.,1
99다30473,대법원,1999.11.12.,1
2018다200709,대법원,2019.11.14.,1
2001다83838,대법원,2002.3.29.,1
2014다204666,대법원,2016.5.26.,1
2015다69846,대법원,2019.6.13.,1
95다29970,대법원,1996.12.23.,1
90다카23912,대법원,1990.12.7.,1
2007다29379,대법원,2007.12.27.,1
2001두3709,대법원,2001.7.13.,1
96도1639,대법원,1997.3.14.,1
2000다2443,대법원,2000.5.30.,1
92다1995,대법원,1992.8.14.,1
2003두902,대법원,2004.2.27.,1
2014다41681,대법원,2019.7.4.,1
2001두3136,대법원,2003.6.10.,1
93누3837,대법원,1993.9.28.,1
84누299,대법원,1984.9.25.,1
93누16680,대법원,1994.4.29.,1
2004두6549,대법원,2004.12.24.,1
2003두8210,대법원,2005.11.25.,1
94다18553,대법원,1995.6.29.,1
91다25055,대법원,1992.2.25.,1
97다18936,대법원,1998.1.20.,1
79다2168,대법원,1980.10.14.,1
2006다66968,대법원,2007.1.25.,1
94누576,대법원,1994.9.13.,1
2004다13762,대법원,2005.10.13.,1
2002두12809,대법원,2003.12.12.,1
75다872,대법원,1976.3.9.,1
2008다12408,대법원,2011.7.28.,1
2013다47583,대법원,2014.9.25.,1
91누10046,대법원,1992.3.13.,1
2016다228802,대법원,2018.8.30.,1
92다23360,대법원,1992.12.8.,1
93다18365,대법원,1993.10.12.,1
2002다64681,대법원,2003.9.26.,1
86다카24445,대법원,1990.3.13.,1
93다33173,대법원,1994.6.28.,1
2012두5176,대법원,2015.3.12.,1
2002두8138,대법원,2003.5.16.,1
2011두32898,대법원,2015.6.11.,1
92다1728,대법원,1992.4.14.,1
97누7271,대법원,1997.8.29.,1
2018도9012,대법원,2019.10.31.,1
96누9034,대법원,1996.10.11.,1
87다카2578,대법원,1988.5.10.,1
2016다10254,대법원,2016.6.10.,1
2000다2023,대법원,2000.4.25.,1
92다50263,대법원,1993.7.13.,1
2006두6956,대법원,2006.8.25.,1
2010다3735,대법원,2012.2.23.,1
2016두38280,대법원,2016.8.17.,1
2015도1681,대법원,2018.1.15.,1
96누2521,대법원,1996.6.14.,1
2001다13044,대법원,2001.6.12.,1
2012다55518,대법원,2015.6.11.,1
90다카12493,대법원,1990.12.26.,1
87다카555,대법원,1987.9.8.,1
96누8031,대법원,1997.9.5.,1
2018도12691,대법원,2018.10.25,1
99두4235,대법원,2000.6.23.,1
2015두44493,대법원,2017.10.12.,1
97다18165,대법원,1997.7.22.,1
2007두9471,대법원,2010.5.27.,1
91다27518,대법원,1992.5.12.,1
94누1890,대법원,1994.8.12.,1
93누4199,대법원,1993.9.24.,1
2015다5170,대법원,2016.10.27.,1
94누3001,대법원,1994.12.23.,1
2018도17135,대법원,2019.6.13.,1
92다22770,대법원,1993.3.9.,1
2013헌바172,헌법재판소,2014.8.28.,1
2001두6579,대법원,2002.5.14.,1
91다2656,대법원,1991.5.14.,1
2017두49119,대법원,2018.6.15.,1
2001다77970,대법원,2002.6.28.,1
94다14629,대법원,1994.8.9,1
2011두24644,대법원,2012.3.15.,1
92누11046,대법원,1992.11.24.,1
2012다94643,대법원,2013.12.18.,1
68다1972,대법원,1969.3.4.,1
92다42897,대법원,1993.9.10.,1
91다12806,대법원,1991.11.12.,1
85다375,대법원,1986.7.8.,1
94누7959,대법원,1995.2.17.,1
2002다69631,대법원,2003.3.14.,1
91누11698,대법원,1993.5.11.,1
2002다51555,대법원,2004.6.25.,1
2022다206841,대법원,2022.5.20.,1
2012다71138,대법원,2015.10.29.,1
2016두1066,대법원,2017.11.14.,1
2001헌바50,헌법재판소,2002.11.28.,1
97다18875,대법원,1997.8.26.,1
94헌바19,헌법재판소,1997.8.21.,1
2012두25552,대법원,2014.10.30.,1
2019도9688,대법원,2019.10.17.,1
92다14779,대법원,1992.12.22.,1
2003다51675,대법원,2004.2.27.,1
2017두59987,대법원,2018.1.25.,1
97누2528,대법원,1999.9.3.,1
91다36307,대법원,1992.3.27.,1
2011두4282,대법원,2013.12.12.,1
97누13962,대법원,1997.12.12.,1
2000다15869,대법원,2000.6.9.,1
91다41750,대법원,1993.5.25.,1
98두13287,대법원,1998.12.8.,1
2021대69,대법원,2024.1.4.,1
2017도4343,대법원,2017.7.1.,1
95다41659,대법원,1995.12.26.,1
95다719,대법원,1996.2.9.,1
2013두1232,대법원,2014.9.4.,1
2011두20192,대법원,2011.11.10.,1
87다카2268,대법원,1988.6.14.,1
2021다246545,대법원,2024.7.25.,1
2013다74592,대법원,2016.1.14.,1
2006두5335,대법원,2006.6.16.,1
94다43351,대법원,1995.12.5.,1
95누6410,대법원,1996.6.14.,1
2003두4119,대법원,2003.11.13.,1
2013두20011,대법원,2019.10.31.,1
93헌바43,헌법재판소,1995.2.23.,1
93다23107,대법원,1993.11.9.,1
95다48650,대법원,1996.2.23.,1
91다4317,대법원,1992.9.22.,1
90다15884,대법원,1991.2.8.,1
91다20418,대법원,1991.8.27.,1
90다8763,대법원,1992.3.31.,1
94다21979,대법원,1994.10.25.,1
2014두46218,대법원,2015.4.23.,1
91다29811,대법원,1992.8.14.,1
2002헌바95,헌법재판소,2005.11.24.,1
93다25851,대법원,1993.11.9.,1
91다46922,대법원,1992.9.14.,1
92누11107,대법원,1992.10.9.,1
2007다85997,대법원,2008.2.29.,1
2014다9632,대법원,2018.5.30.,1
92다54210,대법원,1993.10.26.,1
2004두10548,대법원,2005.6.10.,1
2014다20882,대법원,2014.11.13.,1
97다7066,대법원,1997.7.25.,1
98헌마310,헌법재판소,1999.9.16.,1
2016다271226,대법원,2017.4.27.,1
2013두3351,대법원,2015.5.28.,1
92다7542,대법원,1992.6.23.,1
2000헌마707,헌법재판소,2002.7.18.,1
2008두12344,대법원,2008.11.13.,1
2019도1162,대법원,2019.4.19.,1
2009다50308,대법원,2010.7.15.,1
89헌가106,헌법재판소,1991.7.22.,1
87다카1671,대법원,1988.11.22.,1
2013다74363,대법원,2014.8.28.,1
2019두45647,대법원,2019.10.31.,1
2007헌바36,헌법재판소,2008.11.27.,1
2021다216558,대법원,2014.6.17.,1
2010다17468,대법원,2012.6.28.,1
94다4295,대법원,1994.7.29.,1
2009다32522,대법원,2010.1.28.,1
2002두6552,대법원,2002.10.25.,1
94다42082,대법원,1995.3.24.,1
2023도12316,대법원,2023.12.28.,1
2005두13247,대법원,2007.11.30.,1
96누17738,대법원,1997.6.13.,1
2007다54498,대법원,2009.3.26.,1
97도813,대법원,1997.11.11.,1
94누11491,대법원,1995.7.14.,1
77다300,대법원,1977.9.28.,1
2019다230899,대법원,2019.10.18.,1
93다30938,대법원,1994.1.11.,1
90누2727,대법원,1990.9.25.,1
2007다51758,대법원,2007.12.27.,1
91다36192,대법원,1993.12.24.,1
2009두13627,대법원,2012.1.27.,1
2021다20687,대법원,2022.7.14.,1
2017두54975,대법원,2018.6.19.,1
93다3363,대법원,1993.9.28.,1
2002다19292,대법원,2002.7.26.,1
2002도649,대법원,2002.11.26.,1
84누711,대법원,1985.3.26.,1
96다2507,대법원,1997.5.16.,1
2012다118655,대법원,2015.6.24.,1
2007헌바27,헌법재판소,2009.2.26.,1
2015두39897,대법원,2019.4.25.,1
2010두3237,대법원,2011.12.22.,1
2016두55919,대법원,2017.4.27.,1
97다49732,대법원,1998.3.27.,1
2015두54759,대법원,2016.11.24.,1
83다카1243,대법원,1983.11.22.,1
2012두20991,대법원,2014.7.10.,1
2008도7018,대법원,2008.11.27.,1
2018다209706,대법원,2019.1.31.,1
2006다48069,대법원,2006.11.23.,1
93다57551,대법원,1994.5.27.,1
87다카1886,대법원,1988.4.12.,1
2021두47387,대법원,2021.11.25.,1
2012두9758,대법원,2016.3.10.,1
2009다102452,대법원,2011.10.13.,1
2005헌마855,헌법재판소,2006.11.30.,1
92다16973,대법원,1992.8.14.,1
2013다85523,대법원,2018.6.19.,1
93다1589,대법원,1994.3.8.,1
2012다17806,대법원,2016.1.26.,1
89다카22487,대법원,1990.2.23.,1
94다19242,대법원,1994.12.27.,1
2008두11693,대법원,2011.7.28.,1
2013다2672,대법원,2014.11.27.,1
91다34523,대법원,1992.5.12.,1
88다카10128,대법원,1989.12.26.,1
2016두56134,대법원,2017.4.28.,1
84다카374,대법원,1984.6.12.,1
2003두12844,대법원,2004.3.26.,1
97다11133,대법원,1997.11.28.,1
95누2487,대법원,1996.5.31.,1
2015다254873,대법원,2019.12.24.,1
92다44695,대법원,1994.1.11.,1
2004다37676,대법원,2005.11.10.,1
2020다273939,대법원,2021.11.11.,1
90다16245,대법원,1991.4.9.,1
2012다119092,대법원,2013.12.26.,1
2024다210783,대법원,2024.6.13.,1
2014다44673,대법원,2018.6.19.,1
2019다14110,대법원,2020.8.20.,1
91다13731,대법원,1991.7.23.,1
2013도8417,대법원,2015.11.12.,1
2014두4931,대법원,2014.6.12.,1
2000두1454,대법원,2001.1.16.,1
2018다207588,대법원,2018.9.28.,1
88다카34094,대법원,1990.1.12.,1
93다43866,대법원,1993.12.21.,1
2017다204087,대법원,2021.10.14.,1
2016두58840,대법원,2017.5.31.,1
2011다78804,대법원,2014.2.13.,1
94다446,대법원,1996.4.23.,1
2013다28926,대법원,2018.6.28.,1
2011다80449,대법원,2013.11.28.,1
2004다4683,대법원,2006.4.27.,1
92다31125,대법원,1993.5.25.,1
94헌바13,헌법재판소,1998.2.27.,1
2015두41401,대법원,2015.9.10.,1
2011두24361,대법원,2013.2.14.,1
2007도4904,대법원,2007.9.6.,1
95다53188,대법원,1996.10.15.,1
97다28421,대법원,1998.4.24.,1
2008도1433,대법원,2008.7.10.,1
2017두62235,대법원,2019.5.30.,1
97다58750,대법원,1998.4.24.,1
92다14434,대법원,1992.7.14.,1
2008도7030,대법원,2009.5.28.,1
2002다35867,대법원,2002.11.8.,1
2016도1060,대법원,2016.10.13.,1
2005헌바20,헌법재판소,2009.5.28.,1
2012다105505,대법원,2013.4.11.,1
2003다7005,대법원,2003.4.25.,1
2014다12843,대법원,2014.6.12.,1
2012두18868,대법원,2015.1.15.,1
2013헌마619,헌법재판소,2015.5.28.,1
2010다13282,대법원,2011.3.10.,1
2005두16499,대법원,2006.2.24.,1
92다11695,대법원,1993.1.26.,1
2006다1930,대법원,2008.6.26.,1
92다18542,대법원,1992.9.25.,1
2012누166,서울고등법원,2012.8.30.,1
70다523,대법원,1970.5.26.,1
2016두63705,대법원,2019.10.17.,1
94누10931,대법원,1995.11.24.,1
2005다30580,대법원,2006.9.22.,1
2002다65905,대법원,2004.5.27.,1
2011두2170,대법원,2015.6.24.,1
99두202,대법원,1999.4.27.,1
99두2680,대법원,2001.7.27.,1
89누8217,대법원,1990.8.10.,1
96누16179,대법원,1997.3.28.,1
2012두10666,대법원,2015.8.27.,1
97누18202,대법원,1998.2.27.,1
2014다62749,대법원,2015.5.28.,1
2014다88161,대법원,2015.6.11.,1
90다8077,대법원,1991.7.9.,1
90다카27389,대법원,1991.2.22.,1
96다10263,대법원,1997.2.25.,1
2015도676,대법원,2019.5.10.,1
2016두57502,대법원,2017.5.11.,1
2011두5391,대법원,2014.11.27.,1
95다32631,대법원,1996.12.23.,1
87다카2901,대법원,1989.4.11.,1
2016두559010,대법원,2019.5.10.,1
96누5926,대법원,1997.2.14.,1
96다29892,대법원,1997.7.25.,1
2009도7722,대법원,2010.5.27.,1
2005두524,대법원,2005.5.27.,1
2012다81609,대법원,2014.12.24.,1
92다2295,대법원,1992.5.22.,1
2014다76434,대법원,2015.7.9.,1
2006다16215,대법원,2009.5.28.,1
2003두3420,대법원,2003.9.23.,1
91다30118,대법원,1992.1.21.,1
2015두56366,대법원,2018.11.9.,1
2012나21609,서울고등법원,2014.1.10.,1
87다카3222,대법원,1988.6.14.,1
2002도2211,대법원,2002.7.12.,1
2014다222794,대법원,2016.7.22.,1
90다14560,대법원,1991.6.28.,1
2014두35799,대법원,2014.6.26.,1
97다9239,대법원,1997.5.23.,1
2011다45217,대법원,2012.5.10.,1
2005두6461,대법원,2007.6.14.,1
2015다228652,대법원,2019.4.25.,1
96누9508,대법원,1997.4.25.,1
91다25109,대법원,1992.2.11.,1
2016다277538,대법원,2019.4.23.,1
2011도12114,대법원,2014.6.26.,1
2015두46550,대법원,2015.11.26.,1
2015두45113,대법원,2016.4.12.,1
2017두38560,대법원,2018.9.13.,1
93다51263,대법원,1995.5.9.,1
2005다25113,대법원,2007.7.12.,1
91누5884,대법원,1992.5.22.,1
97다28971,대법원,1997.11.28.,1
2006다81523,대법원,2007.11.29.,1
2004다43824,대법원,2005.5.27.,1
93누22463,대법원,1994. 6.28.,1
91도2221,대법원,1992.6.9.,1
99두9971,대법원,2001.8.24.,1
99다45376,대법원,2000.9.29.,1
2017다242867,대법원,2017.10.26.,1
2001헌바82,헌법재판소,2002.8.29.,1
2009다49377,대법원,2009.11.12.,1
97다6926,대법원,1997.4.25.,1
91다8647,대법원,1991.12.10.,1
98두6647,대법원,1999.6.22.,1
99두2963,대법원,2000.4.11,1
92다28556,대법원,1994.6.24.,1
94다8631,대법원,1995.2.28.,1
2017두56575,대법원,2018.9.13.,1
2012다31949,대법원,2012.7.12.,1
2008다13623,대법원,2011.1.27.,1
95다53096,대법원,1997.7.22.,1
90다18999,대법원,1991.12.13.,1
93다50017,대법원,1994.9.13.,1
2011다81022,대법원,2013.1.24.,1
2010다36407,대법원,2010.10.14.,1
2014다211053,대법원,2016.8.18.,1
91다2663,대법원,1991.5.14.,1
2005두12572,대법원,2007.9.28.,1
2013다36347,대법원,2014.10.27.,1
2000다51919,대법원,2001.1.19.,1
2008두22136,대법원,2009.12.10.,1
90누4433,대법원,1991.1.29.,1
2001다24655,대법원,2003.10.9.,1
2012다16871,대법원,2014.5.29.,1
2009헌마408,헌법재판소,2011.7.28.,1
97헌바23,헌법재판소,1998.7.16.,1
76다502,대법원,1976.10.26.,1
2010두27363,대법원,2012.6.18.,1
2015다24843,대법원,2018.4.12.,1
